day,hour,day_type,speed_kmh,payload_kg,energy_kwh,timestamp,dow,is_weekend,distance_km,efficiency_kwh_100km,driving_regime
0,0,weekday,0.0,0.0,0.597,2026-01-05 00:00:00,0,0,0.0,,parked
0,1,weekday,0.0,0.0,0.506,2026-01-05 01:00:00,0,0,0.0,,parked
0,2,weekday,0.0,0.0,0.572,2026-01-05 02:00:00,0,0,0.0,,parked
0,3,weekday,0.0,0.0,0.583,2026-01-05 03:00:00,0,0,0.0,,parked
0,4,weekday,0.0,0.0,0.727,2026-01-05 04:00:00,0,0,0.0,,parked
0,5,weekday,87.23,859.9,33.175,2026-01-05 05:00:00,0,0,87.23,38.03,motorway
0,6,weekday,75.19,825.6,26.273,2026-01-05 06:00:00,0,0,75.19,34.94,motorway
0,7,weekday,55.43,790.0,13.936,2026-01-05 07:00:00,0,0,55.43,25.14,suburban
0,8,weekday,34.93,733.6,6.832,2026-01-05 08:00:00,0,0,34.93,19.56,suburban
0,9,weekday,36.11,723.3,6.977,2026-01-05 09:00:00,0,0,36.11,19.32,suburban
0,10,weekday,55.23,650.2,14.144,2026-01-05 10:00:00,0,0,55.23,25.61,suburban
0,11,weekday,75.34,578.9,24.703,2026-01-05 11:00:00,0,0,75.34,32.79,motorway
0,12,weekday,86.12,539.6,34.703,2026-01-05 12:00:00,0,0,86.12,40.3,motorway
0,13,weekday,86.74,527.8,35.251,2026-01-05 13:00:00,0,0,86.74,40.64,motorway
0,14,weekday,83.0,473.6,34.436,2026-01-05 14:00:00,0,0,83.0,41.49,motorway
0,15,weekday,72.56,415.9,19.607,2026-01-05 15:00:00,0,0,72.56,27.02,motorway
0,16,weekday,57.88,365.4,13.989,2026-01-05 16:00:00,0,0,57.88,24.17,suburban
0,17,weekday,36.08,343.5,5.571,2026-01-05 17:00:00,0,0,36.08,15.44,suburban
0,18,weekday,29.19,290.7,5.248,2026-01-05 18:00:00,0,0,29.19,17.98,urban
0,19,weekday,36.29,229.7,5.788,2026-01-05 19:00:00,0,0,36.29,15.95,suburban
0,20,weekday,56.38,215.5,12.349,2026-01-05 20:00:00,0,0,56.38,21.9,suburban
0,21,weekday,73.28,182.6,18.787,2026-01-05 21:00:00,0,0,73.28,25.64,motorway
0,22,weekday,81.93,120.3,25.593,2026-01-05 22:00:00,0,0,81.93,31.24,motorway
0,23,weekday,0.0,0.0,0.649,2026-01-05 23:00:00,0,0,0.0,,parked
1,0,weekday,0.0,0.0,0.575,2026-01-06 00:00:00,1,0,0.0,,parked
1,1,weekday,0.0,0.0,0.561,2026-01-06 01:00:00,1,0,0.0,,parked
1,2,weekday,0.0,0.0,0.583,2026-01-06 02:00:00,1,0,0.0,,parked
1,3,weekday,0.0,0.0,0.553,2026-01-06 03:00:00,1,0,0.0,,parked
1,4,weekday,0.0,0.0,0.63,2026-01-06 04:00:00,1,0,0.0,,parked
1,5,weekday,84.18,1196.6,30.627,2026-01-06 05:00:00,1,0,84.18,36.38,motorway
1,6,weekday,77.74,1125.3,23.05,2026-01-06 06:00:00,1,0,77.74,29.65,motorway
1,7,weekday,55.95,1100.6,10.132,2026-01-06 07:00:00,1,0,55.95,18.11,suburban
1,8,weekday,35.82,1011.7,5.885,2026-01-06 08:00:00,1,0,35.82,16.43,suburban
1,9,weekday,34.67,968.0,6.576,2026-01-06 09:00:00,1,0,34.67,18.97,suburban
1,10,weekday,56.09,882.7,15.875,2026-01-06 10:00:00,1,0,56.09,28.3,suburban
1,11,weekday,78.64,859.6,31.074,2026-01-06 11:00:00,1,0,78.64,39.51,motorway
1,12,weekday,83.52,769.9,35.033,2026-01-06 12:00:00,1,0,83.52,41.95,motorway
1,13,weekday,84.35,735.2,35.054,2026-01-06 13:00:00,1,0,84.35,41.56,motorway
1,14,weekday,81.37,668.6,29.573,2026-01-06 14:00:00,1,0,81.37,36.34,motorway
1,15,weekday,77.41,610.4,27.639,2026-01-06 15:00:00,1,0,77.41,35.7,motorway
1,16,weekday,56.04,525.6,12.005,2026-01-06 16:00:00,1,0,56.04,21.42,suburban
1,17,weekday,36.37,503.0,6.211,2026-01-06 17:00:00,1,0,36.37,17.08,suburban
1,18,weekday,26.45,388.0,4.742,2026-01-06 18:00:00,1,0,26.45,17.93,urban
1,19,weekday,39.23,363.9,7.206,2026-01-06 19:00:00,1,0,39.23,18.37,suburban
1,20,weekday,53.86,281.7,9.904,2026-01-06 20:00:00,1,0,53.86,18.39,suburban
1,21,weekday,71.81,257.6,21.559,2026-01-06 21:00:00,1,0,71.81,30.02,motorway
1,22,weekday,83.5,177.5,33.844,2026-01-06 22:00:00,1,0,83.5,40.53,motorway
1,23,weekday,0.0,0.0,0.647,2026-01-06 23:00:00,1,0,0.0,,parked
2,0,holiday,0.0,0.0,0.563,2026-01-07 00:00:00,2,0,0.0,,parked
2,1,holiday,0.0,0.0,0.572,2026-01-07 01:00:00,2,0,0.0,,parked
2,2,holiday,0.0,0.0,0.6,2026-01-07 02:00:00,2,0,0.0,,parked
2,3,holiday,0.0,0.0,0.637,2026-01-07 03:00:00,2,0,0.0,,parked
2,4,holiday,0.0,0.0,0.745,2026-01-07 04:00:00,2,0,0.0,,parked
2,5,holiday,89.25,279.5,34.177,2026-01-07 05:00:00,2,0,89.25,38.29,motorway
2,6,holiday,88.31,296.5,31.255,2026-01-07 06:00:00,2,0,88.31,35.39,motorway
2,7,holiday,86.2,226.1,26.92,2026-01-07 07:00:00,2,0,86.2,31.23,motorway
2,8,holiday,80.83,234.4,26.891,2026-01-07 08:00:00,2,0,80.83,33.27,motorway
2,9,holiday,80.41,222.5,29.151,2026-01-07 09:00:00,2,0,80.41,36.25,motorway
2,10,holiday,75.12,190.0,17.152,2026-01-07 10:00:00,2,0,75.12,22.83,motorway
2,11,holiday,72.36,211.4,14.958,2026-01-07 11:00:00,2,0,72.36,20.67,motorway
2,12,holiday,71.27,172.8,18.672,2026-01-07 12:00:00,2,0,71.27,26.2,motorway
2,13,holiday,74.87,162.4,20.092,2026-01-07 13:00:00,2,0,74.87,26.84,motorway
2,14,holiday,75.55,155.3,19.724,2026-01-07 14:00:00,2,0,75.55,26.11,motorway
2,15,holiday,78.64,188.3,28.038,2026-01-07 15:00:00,2,0,78.64,35.65,motorway
2,16,holiday,80.99,94.9,22.681,2026-01-07 16:00:00,2,0,80.99,28.0,motorway
2,17,holiday,85.82,95.8,27.456,2026-01-07 17:00:00,2,0,85.82,31.99,motorway
2,18,holiday,85.59,75.3,21.802,2026-01-07 18:00:00,2,0,85.59,25.47,motorway
2,19,holiday,86.81,47.6,20.008,2026-01-07 19:00:00,2,0,86.81,23.05,motorway
2,20,holiday,85.61,47.0,34.596,2026-01-07 20:00:00,2,0,85.61,40.41,motorway
2,21,holiday,86.06,47.8,40.152,2026-01-07 21:00:00,2,0,86.06,46.66,motorway
2,22,holiday,86.46,36.5,45.029,2026-01-07 22:00:00,2,0,86.46,52.08,motorway
2,23,holiday,0.0,0.0,0.606,2026-01-07 23:00:00,2,0,0.0,,parked
3,0,weekday,0.0,0.0,0.544,2026-01-08 00:00:00,3,0,0.0,,parked
3,1,weekday,0.0,0.0,0.54,2026-01-08 01:00:00,3,0,0.0,,parked
3,2,weekday,0.0,0.0,0.634,2026-01-08 02:00:00,3,0,0.0,,parked
3,3,weekday,0.0,0.0,0.643,2026-01-08 03:00:00,3,0,0.0,,parked
3,4,weekday,0.0,0.0,0.684,2026-01-08 04:00:00,3,0,0.0,,parked
3,5,weekday,86.01,736.1,39.325,2026-01-08 05:00:00,3,0,86.01,45.72,motorway
3,6,weekday,77.21,685.9,27.531,2026-01-08 06:00:00,3,0,77.21,35.66,motorway
3,7,weekday,56.85,673.8,14.97,2026-01-08 07:00:00,3,0,56.85,26.33,suburban
3,8,weekday,36.14,605.1,8.222,2026-01-08 08:00:00,3,0,36.14,22.75,suburban
3,9,weekday,35.54,584.6,8.002,2026-01-08 09:00:00,3,0,35.54,22.52,suburban
3,10,weekday,56.68,583.0,12.566,2026-01-08 10:00:00,3,0,56.68,22.17,suburban
3,11,weekday,76.86,522.5,26.576,2026-01-08 11:00:00,3,0,76.86,34.58,motorway
3,12,weekday,85.8,514.3,25.296,2026-01-08 12:00:00,3,0,85.8,29.48,motorway
3,13,weekday,85.92,441.6,29.538,2026-01-08 13:00:00,3,0,85.92,34.38,motorway
3,14,weekday,84.85,417.6,34.436,2026-01-08 14:00:00,3,0,84.85,40.58,motorway
3,15,weekday,73.7,403.9,25.746,2026-01-08 15:00:00,3,0,73.7,34.93,motorway
3,16,weekday,55.19,333.4,13.756,2026-01-08 16:00:00,3,0,55.19,24.92,suburban
3,17,weekday,34.81,310.9,7.24,2026-01-08 17:00:00,3,0,34.81,20.8,suburban
3,18,weekday,29.13,294.7,7.746,2026-01-08 18:00:00,3,0,29.13,26.59,urban
3,19,weekday,36.48,198.0,6.304,2026-01-08 19:00:00,3,0,36.48,17.28,suburban
3,20,weekday,56.59,170.5,13.717,2026-01-08 20:00:00,3,0,56.59,24.24,suburban
3,21,weekday,71.21,134.2,23.379,2026-01-08 21:00:00,3,0,71.21,32.83,motorway
3,22,weekday,83.83,64.9,35.713,2026-01-08 22:00:00,3,0,83.83,42.6,motorway
3,23,weekday,0.0,0.0,0.645,2026-01-08 23:00:00,3,0,0.0,,parked
4,0,weekday,0.0,0.0,0.582,2026-01-09 00:00:00,4,0,0.0,,parked
4,1,weekday,0.0,0.0,0.632,2026-01-09 01:00:00,4,0,0.0,,parked
4,2,weekday,0.0,0.0,0.626,2026-01-09 02:00:00,4,0,0.0,,parked
4,3,weekday,0.0,0.0,0.666,2026-01-09 03:00:00,4,0,0.0,,parked
4,4,weekday,0.0,0.0,0.697,2026-01-09 04:00:00,4,0,0.0,,parked
4,5,weekday,85.95,522.7,33.415,2026-01-09 05:00:00,4,0,85.95,38.88,motorway
4,6,weekday,77.21,533.0,23.774,2026-01-09 06:00:00,4,0,77.21,30.79,motorway
4,7,weekday,58.68,471.1,13.555,2026-01-09 07:00:00,4,0,58.68,23.1,suburban
4,8,weekday,36.73,459.2,7.675,2026-01-09 08:00:00,4,0,36.73,20.9,suburban
4,9,weekday,36.72,443.1,8.761,2026-01-09 09:00:00,4,0,36.72,23.86,suburban
4,10,weekday,53.45,437.1,12.317,2026-01-09 10:00:00,4,0,53.45,23.04,suburban
4,11,weekday,78.56,346.0,24.455,2026-01-09 11:00:00,4,0,78.56,31.13,motorway
4,12,weekday,84.12,359.8,27.852,2026-01-09 12:00:00,4,0,84.12,33.11,motorway
4,13,weekday,84.29,277.8,28.441,2026-01-09 13:00:00,4,0,84.29,33.74,motorway
4,14,weekday,83.58,311.0,27.32,2026-01-09 14:00:00,4,0,83.58,32.69,motorway
4,15,weekday,73.38,280.6,21.061,2026-01-09 15:00:00,4,0,73.38,28.7,motorway
4,16,weekday,55.93,259.4,12.331,2026-01-09 16:00:00,4,0,55.93,22.05,suburban
4,17,weekday,36.18,213.6,7.069,2026-01-09 17:00:00,4,0,36.18,19.54,suburban
4,18,weekday,26.06,159.4,3.54,2026-01-09 18:00:00,4,0,26.06,13.58,urban
4,19,weekday,37.7,156.3,5.519,2026-01-09 19:00:00,4,0,37.7,14.64,suburban
4,20,weekday,57.63,133.6,13.945,2026-01-09 20:00:00,4,0,57.63,24.2,suburban
4,21,weekday,71.78,96.1,17.527,2026-01-09 21:00:00,4,0,71.78,24.42,motorway
4,22,weekday,82.38,97.1,28.22,2026-01-09 22:00:00,4,0,82.38,34.26,motorway
4,23,weekday,0.0,0.0,0.644,2026-01-09 23:00:00,4,0,0.0,,parked
5,0,weekend,0.0,0.0,0.55,2026-01-10 00:00:00,5,1,0.0,,parked
5,1,weekend,0.0,0.0,0.607,2026-01-10 01:00:00,5,1,0.0,,parked
5,2,weekend,0.0,0.0,0.562,2026-01-10 02:00:00,5,1,0.0,,parked
5,3,weekend,0.0,0.0,0.593,2026-01-10 03:00:00,5,1,0.0,,parked
5,4,weekend,0.0,0.0,0.674,2026-01-10 04:00:00,5,1,0.0,,parked
5,5,weekend,86.73,494.1,28.507,2026-01-10 05:00:00,5,1,86.73,32.87,motorway
5,6,weekend,85.51,437.7,26.721,2026-01-10 06:00:00,5,1,85.51,31.25,motorway
5,7,weekend,79.83,427.9,27.199,2026-01-10 07:00:00,5,1,79.83,34.07,motorway
5,8,weekend,74.68,400.8,27.876,2026-01-10 08:00:00,5,1,74.68,37.33,motorway
5,9,weekend,68.9,373.6,19.962,2026-01-10 09:00:00,5,1,68.9,28.97,motorway
5,10,weekend,60.6,309.3,12.523,2026-01-10 10:00:00,5,1,60.6,20.67,motorway
5,11,weekend,59.1,366.1,14.088,2026-01-10 11:00:00,5,1,59.1,23.84,suburban
5,12,weekend,58.51,295.9,11.43,2026-01-10 12:00:00,5,1,58.51,19.54,suburban
5,13,weekend,57.85,273.8,13.301,2026-01-10 13:00:00,5,1,57.85,22.99,suburban
5,14,weekend,54.88,309.2,10.458,2026-01-10 14:00:00,5,1,54.88,19.06,suburban
5,15,weekend,52.21,245.5,11.265,2026-01-10 15:00:00,5,1,52.21,21.58,suburban
5,16,weekend,49.47,219.1,9.42,2026-01-10 16:00:00,5,1,49.47,19.04,suburban
5,17,weekend,54.54,194.4,12.38,2026-01-10 17:00:00,5,1,54.54,22.7,suburban
5,18,weekend,58.88,182.4,12.744,2026-01-10 18:00:00,5,1,58.88,21.64,suburban
5,19,weekend,65.02,110.4,18.887,2026-01-10 19:00:00,5,1,65.02,29.05,motorway
5,20,weekend,75.12,86.9,18.924,2026-01-10 20:00:00,5,1,75.12,25.19,motorway
5,21,weekend,85.75,102.2,29.815,2026-01-10 21:00:00,5,1,85.75,34.77,motorway
5,22,weekend,83.19,64.2,30.182,2026-01-10 22:00:00,5,1,83.19,36.28,motorway
5,23,weekend,0.0,0.0,0.664,2026-01-10 23:00:00,5,1,0.0,,parked
6,0,weekend,0.0,0.0,0.525,2026-01-11 00:00:00,6,1,0.0,,parked
6,1,weekend,0.0,0.0,0.639,2026-01-11 01:00:00,6,1,0.0,,parked
6,2,weekend,0.0,0.0,0.545,2026-01-11 02:00:00,6,1,0.0,,parked
6,3,weekend,0.0,0.0,0.616,2026-01-11 03:00:00,6,1,0.0,,parked
6,4,weekend,0.0,0.0,0.66,2026-01-11 04:00:00,6,1,0.0,,parked
6,5,weekend,86.38,728.9,49.749,2026-01-11 05:00:00,6,1,86.38,57.59,motorway
6,6,weekend,82.49,678.5,37.476,2026-01-11 06:00:00,6,1,82.49,45.43,motorway
6,7,weekend,80.98,640.5,31.393,2026-01-11 07:00:00,6,1,80.98,38.77,motorway
6,8,weekend,73.39,581.4,16.599,2026-01-11 08:00:00,6,1,73.39,22.62,motorway
6,9,weekend,68.13,573.9,16.614,2026-01-11 09:00:00,6,1,68.13,24.39,motorway
6,10,weekend,61.47,556.9,15.398,2026-01-11 10:00:00,6,1,61.47,25.05,motorway
6,11,weekend,60.37,512.5,17.385,2026-01-11 11:00:00,6,1,60.37,28.8,motorway
6,12,weekend,57.53,455.3,12.445,2026-01-11 12:00:00,6,1,57.53,21.63,suburban
6,13,weekend,55.59,432.8,11.639,2026-01-11 13:00:00,6,1,55.59,20.94,suburban
6,14,weekend,53.73,416.0,11.824,2026-01-11 14:00:00,6,1,53.73,22.01,suburban
6,15,weekend,51.09,372.8,10.439,2026-01-11 15:00:00,6,1,51.09,20.43,suburban
6,16,weekend,50.54,330.9,8.172,2026-01-11 16:00:00,6,1,50.54,16.17,suburban
6,17,weekend,50.73,316.2,10.463,2026-01-11 17:00:00,6,1,50.73,20.62,suburban
6,18,weekend,59.88,205.1,11.436,2026-01-11 18:00:00,6,1,59.88,19.1,suburban
6,19,weekend,66.4,231.4,17.977,2026-01-11 19:00:00,6,1,66.4,27.07,motorway
6,20,weekend,74.94,185.6,20.25,2026-01-11 20:00:00,6,1,74.94,27.02,motorway
6,21,weekend,82.5,181.2,17.604,2026-01-11 21:00:00,6,1,82.5,21.34,motorway
6,22,weekend,84.9,98.1,21.02,2026-01-11 22:00:00,6,1,84.9,24.76,motorway
6,23,weekend,0.0,0.0,0.536,2026-01-11 23:00:00,6,1,0.0,,parked
7,0,weekday,0.0,0.0,0.528,2026-01-12 00:00:00,0,0,0.0,,parked
7,1,weekday,0.0,0.0,0.59,2026-01-12 01:00:00,0,0,0.0,,parked
7,2,weekday,0.0,0.0,0.608,2026-01-12 02:00:00,0,0,0.0,,parked
7,3,weekday,0.0,0.0,0.653,2026-01-12 03:00:00,0,0,0.0,,parked
7,4,weekday,0.0,0.0,0.697,2026-01-12 04:00:00,0,0,0.0,,parked
7,5,weekday,86.21,989.8,21.209,2026-01-12 05:00:00,0,0,86.21,24.6,motorway
7,6,weekday,76.99,943.4,24.945,2026-01-12 06:00:00,0,0,76.99,32.4,motorway
7,7,weekday,56.5,910.7,11.638,2026-01-12 07:00:00,0,0,56.5,20.6,suburban
7,8,weekday,34.66,846.8,7.101,2026-01-12 08:00:00,0,0,34.66,20.49,suburban
7,9,weekday,31.84,837.0,6.41,2026-01-12 09:00:00,0,0,31.84,20.13,suburban
7,10,weekday,53.55,748.3,10.702,2026-01-12 10:00:00,0,0,53.55,19.99,suburban
7,11,weekday,74.93,715.8,22.056,2026-01-12 11:00:00,0,0,74.93,29.44,motorway
7,12,weekday,86.36,694.9,25.448,2026-01-12 12:00:00,0,0,86.36,29.47,motorway
7,13,weekday,86.2,615.9,22.22,2026-01-12 13:00:00,0,0,86.2,25.78,motorway
7,14,weekday,82.31,590.2,24.97,2026-01-12 14:00:00,0,0,82.31,30.34,motorway
7,15,weekday,71.38,514.7,23.317,2026-01-12 15:00:00,0,0,71.38,32.67,motorway
7,16,weekday,55.9,476.9,12.491,2026-01-12 16:00:00,0,0,55.9,22.35,suburban
7,17,weekday,36.55,384.3,5.437,2026-01-12 17:00:00,0,0,36.55,14.88,suburban
7,18,weekday,25.44,319.8,4.625,2026-01-12 18:00:00,0,0,25.44,18.18,urban
7,19,weekday,32.73,317.5,4.909,2026-01-12 19:00:00,0,0,32.73,15.0,suburban
7,20,weekday,53.66,268.2,9.774,2026-01-12 20:00:00,0,0,53.66,18.21,suburban
7,21,weekday,73.67,208.9,23.3,2026-01-12 21:00:00,0,0,73.67,31.63,motorway
7,22,weekday,83.86,175.9,31.795,2026-01-12 22:00:00,0,0,83.86,37.91,motorway
7,23,weekday,0.0,0.0,0.601,2026-01-12 23:00:00,0,0,0.0,,parked
8,0,weekday,0.0,0.0,0.537,2026-01-13 00:00:00,1,0,0.0,,parked
8,1,weekday,0.0,0.0,0.554,2026-01-13 01:00:00,1,0,0.0,,parked
8,2,weekday,0.0,0.0,0.481,2026-01-13 02:00:00,1,0,0.0,,parked
8,3,weekday,0.0,0.0,0.586,2026-01-13 03:00:00,1,0,0.0,,parked
8,4,weekday,0.0,0.0,0.631,2026-01-13 04:00:00,1,0,0.0,,parked
8,5,weekday,85.24,1200.0,24.838,2026-01-13 05:00:00,1,0,85.24,29.14,motorway
8,6,weekday,76.54,1200.0,17.742,2026-01-13 06:00:00,1,0,76.54,23.18,motorway
8,7,weekday,57.29,1200.0,11.53,2026-01-13 07:00:00,1,0,57.29,20.13,suburban
8,8,weekday,36.51,1200.0,6.236,2026-01-13 08:00:00,1,0,36.51,17.08,suburban
8,9,weekday,33.64,1200.0,6.221,2026-01-13 09:00:00,1,0,33.64,18.49,suburban
8,10,weekday,54.92,1200.0,13.124,2026-01-13 10:00:00,1,0,54.92,23.9,suburban
8,11,weekday,74.35,1174.0,18.478,2026-01-13 11:00:00,1,0,74.35,24.85,motorway
8,12,weekday,86.46,1084.4,24.166,2026-01-13 12:00:00,1,0,86.46,27.95,motorway
8,13,weekday,86.5,1033.0,29.618,2026-01-13 13:00:00,1,0,86.5,34.24,motorway
8,14,weekday,83.13,952.5,31.176,2026-01-13 14:00:00,1,0,83.13,37.5,motorway
8,15,weekday,69.67,871.8,18.781,2026-01-13 15:00:00,1,0,69.67,26.96,motorway
8,16,weekday,52.85,768.5,10.404,2026-01-13 16:00:00,1,0,52.85,19.69,suburban
8,17,weekday,37.35,673.9,6.778,2026-01-13 17:00:00,1,0,37.35,18.15,suburban
8,18,weekday,27.55,575.9,6.881,2026-01-13 18:00:00,1,0,27.55,24.98,urban
8,19,weekday,38.28,492.6,8.86,2026-01-13 19:00:00,1,0,38.28,23.15,suburban
8,20,weekday,56.3,450.9,16.388,2026-01-13 20:00:00,1,0,56.3,29.11,suburban
8,21,weekday,73.99,347.5,23.264,2026-01-13 21:00:00,1,0,73.99,31.44,motorway
8,22,weekday,82.09,229.9,36.792,2026-01-13 22:00:00,1,0,82.09,44.82,motorway
8,23,weekday,0.0,0.0,0.692,2026-01-13 23:00:00,1,0,0.0,,parked
9,0,weekday,0.0,0.0,0.564,2026-01-14 00:00:00,2,0,0.0,,parked
9,1,weekday,0.0,0.0,0.583,2026-01-14 01:00:00,2,0,0.0,,parked
9,2,weekday,0.0,0.0,0.525,2026-01-14 02:00:00,2,0,0.0,,parked
9,3,weekday,0.0,0.0,0.622,2026-01-14 03:00:00,2,0,0.0,,parked
9,4,weekday,0.0,0.0,0.733,2026-01-14 04:00:00,2,0,0.0,,parked
9,5,weekday,85.91,1200.0,39.205,2026-01-14 05:00:00,2,0,85.91,45.63,motorway
9,6,weekday,76.4,1200.0,24.477,2026-01-14 06:00:00,2,0,76.4,32.04,motorway
9,7,weekday,57.04,1200.0,16.159,2026-01-14 07:00:00,2,0,57.04,28.33,suburban
9,8,weekday,37.05,1200.0,9.108,2026-01-14 08:00:00,2,0,37.05,24.58,suburban
9,9,weekday,33.83,1200.0,7.554,2026-01-14 09:00:00,2,0,33.83,22.33,suburban
9,10,weekday,58.1,1200.0,16.426,2026-01-14 10:00:00,2,0,58.1,28.27,suburban
9,11,weekday,76.92,1153.6,28.026,2026-01-14 11:00:00,2,0,76.92,36.44,motorway
9,12,weekday,84.55,1062.4,36.723,2026-01-14 12:00:00,2,0,84.55,43.43,motorway
9,13,weekday,86.78,997.8,32.418,2026-01-14 13:00:00,2,0,86.78,37.36,motorway
9,14,weekday,85.05,886.4,26.6,2026-01-14 14:00:00,2,0,85.05,31.28,motorway
9,15,weekday,73.08,827.5,18.809,2026-01-14 15:00:00,2,0,73.08,25.74,motorway
9,16,weekday,51.63,752.1,13.371,2026-01-14 16:00:00,2,0,51.63,25.9,suburban
9,17,weekday,36.01,646.5,5.757,2026-01-14 17:00:00,2,0,36.01,15.99,suburban
9,18,weekday,30.14,615.6,4.796,2026-01-14 18:00:00,2,0,30.14,15.91,suburban
9,19,weekday,36.63,531.2,7.332,2026-01-14 19:00:00,2,0,36.63,20.02,suburban
9,20,weekday,56.18,477.0,15.197,2026-01-14 20:00:00,2,0,56.18,27.05,suburban
9,21,weekday,74.49,323.5,21.555,2026-01-14 21:00:00,2,0,74.49,28.94,motorway
9,22,weekday,82.97,253.6,30.904,2026-01-14 22:00:00,2,0,82.97,37.25,motorway
9,23,weekday,0.0,0.0,0.646,2026-01-14 23:00:00,2,0,0.0,,parked
10,0,weekday,0.0,0.0,0.491,2026-01-15 00:00:00,3,0,0.0,,parked
10,1,weekday,0.0,0.0,0.569,2026-01-15 01:00:00,3,0,0.0,,parked
10,2,weekday,0.0,0.0,0.626,2026-01-15 02:00:00,3,0,0.0,,parked
10,3,weekday,0.0,0.0,0.605,2026-01-15 03:00:00,3,0,0.0,,parked
10,4,weekday,0.0,0.0,0.682,2026-01-15 04:00:00,3,0,0.0,,parked
10,5,weekday,84.03,1200.0,28.959,2026-01-15 05:00:00,3,0,84.03,34.46,motorway
10,6,weekday,73.69,1200.0,17.81,2026-01-15 06:00:00,3,0,73.69,24.17,motorway
10,7,weekday,56.41,1200.0,12.88,2026-01-15 07:00:00,3,0,56.41,22.83,suburban
10,8,weekday,33.7,1188.5,5.512,2026-01-15 08:00:00,3,0,33.7,16.36,suburban
10,9,weekday,34.81,1089.1,5.822,2026-01-15 09:00:00,3,0,34.81,16.73,suburban
10,10,weekday,55.62,1059.8,12.567,2026-01-15 10:00:00,3,0,55.62,22.59,suburban
10,11,weekday,78.17,983.3,22.266,2026-01-15 11:00:00,3,0,78.17,28.48,motorway
10,12,weekday,83.0,933.4,29.855,2026-01-15 12:00:00,3,0,83.0,35.97,motorway
10,13,weekday,88.8,841.9,39.723,2026-01-15 13:00:00,3,0,88.8,44.73,motorway
10,14,weekday,80.98,784.6,25.075,2026-01-15 14:00:00,3,0,80.98,30.96,motorway
10,15,weekday,73.63,723.1,19.898,2026-01-15 15:00:00,3,0,73.63,27.02,motorway
10,16,weekday,57.37,669.5,15.216,2026-01-15 16:00:00,3,0,57.37,26.52,suburban
10,17,weekday,33.76,563.2,6.619,2026-01-15 17:00:00,3,0,33.76,19.61,suburban
10,18,weekday,27.14,495.1,7.279,2026-01-15 18:00:00,3,0,27.14,26.82,urban
10,19,weekday,37.2,422.5,7.298,2026-01-15 19:00:00,3,0,37.2,19.62,suburban
10,20,weekday,56.31,379.3,15.531,2026-01-15 20:00:00,3,0,56.31,27.58,suburban
10,21,weekday,73.92,261.8,23.474,2026-01-15 21:00:00,3,0,73.92,31.76,motorway
10,22,weekday,84.22,217.8,36.093,2026-01-15 22:00:00,3,0,84.22,42.86,motorway
10,23,weekday,0.0,0.0,0.684,2026-01-15 23:00:00,3,0,0.0,,parked
11,0,weekday,0.0,0.0,0.425,2026-01-16 00:00:00,4,0,0.0,,parked
11,1,weekday,0.0,0.0,0.4,2026-01-16 01:00:00,4,0,0.0,,parked
11,2,weekday,0.0,0.0,0.608,2026-01-16 02:00:00,4,0,0.0,,parked
11,3,weekday,0.0,0.0,0.567,2026-01-16 03:00:00,4,0,0.0,,parked
11,4,weekday,0.0,0.0,0.759,2026-01-16 04:00:00,4,0,0.0,,parked
11,5,weekday,88.9,1080.4,34.386,2026-01-16 05:00:00,4,0,88.9,38.68,motorway
11,6,weekday,76.83,1006.4,28.659,2026-01-16 06:00:00,4,0,76.83,37.3,motorway
11,7,weekday,54.41,967.3,13.662,2026-01-16 07:00:00,4,0,54.41,25.11,suburban
11,8,weekday,35.51,912.8,7.993,2026-01-16 08:00:00,4,0,35.51,22.51,suburban
11,9,weekday,36.38,844.4,7.455,2026-01-16 09:00:00,4,0,36.38,20.49,suburban
11,10,weekday,55.83,782.0,17.225,2026-01-16 10:00:00,4,0,55.83,30.85,suburban
11,11,weekday,74.3,760.9,30.554,2026-01-16 11:00:00,4,0,74.3,41.12,motorway
11,12,weekday,86.26,674.2,40.273,2026-01-16 12:00:00,4,0,86.26,46.69,motorway
11,13,weekday,85.69,665.7,40.507,2026-01-16 13:00:00,4,0,85.69,47.27,motorway
11,14,weekday,84.87,592.1,40.964,2026-01-16 14:00:00,4,0,84.87,48.27,motorway
11,15,weekday,73.22,542.9,30.796,2026-01-16 15:00:00,4,0,73.22,42.06,motorway
11,16,weekday,54.54,477.9,15.948,2026-01-16 16:00:00,4,0,54.54,29.24,suburban
11,17,weekday,37.09,445.6,7.65,2026-01-16 17:00:00,4,0,37.09,20.63,suburban
11,18,weekday,28.57,353.5,7.604,2026-01-16 18:00:00,4,0,28.57,26.62,urban
11,19,weekday,34.1,303.2,5.845,2026-01-16 19:00:00,4,0,34.1,17.14,suburban
11,20,weekday,55.22,263.4,13.826,2026-01-16 20:00:00,4,0,55.22,25.04,suburban
11,21,weekday,73.51,224.3,24.762,2026-01-16 21:00:00,4,0,73.51,33.69,motorway
11,22,weekday,82.37,118.5,23.812,2026-01-16 22:00:00,4,0,82.37,28.91,motorway
11,23,weekday,0.0,0.0,0.677,2026-01-16 23:00:00,4,0,0.0,,parked
12,0,weekend,0.0,0.0,0.533,2026-01-17 00:00:00,5,1,0.0,,parked
12,1,weekend,0.0,0.0,0.541,2026-01-17 01:00:00,5,1,0.0,,parked
12,2,weekend,0.0,0.0,0.633,2026-01-17 02:00:00,5,1,0.0,,parked
12,3,weekend,0.0,0.0,0.666,2026-01-17 03:00:00,5,1,0.0,,parked
12,4,weekend,0.0,0.0,0.632,2026-01-17 04:00:00,5,1,0.0,,parked
12,5,weekend,87.23,881.5,36.219,2026-01-17 05:00:00,5,1,87.23,41.52,motorway
12,6,weekend,83.1,846.4,28.671,2026-01-17 06:00:00,5,1,83.1,34.5,motorway
12,7,weekend,78.16,787.4,28.387,2026-01-17 07:00:00,5,1,78.16,36.32,motorway
12,8,weekend,72.51,777.0,29.502,2026-01-17 08:00:00,5,1,72.51,40.69,motorway
12,9,weekend,68.58,712.5,24.898,2026-01-17 09:00:00,5,1,68.58,36.31,motorway
12,10,weekend,62.3,682.3,20.933,2026-01-17 10:00:00,5,1,62.3,33.6,motorway
12,11,weekend,57.93,624.7,19.921,2026-01-17 11:00:00,5,1,57.93,34.39,suburban
12,12,weekend,57.7,549.4,16.316,2026-01-17 12:00:00,5,1,57.7,28.28,suburban
12,13,weekend,55.55,532.2,14.386,2026-01-17 13:00:00,5,1,55.55,25.9,suburban
12,14,weekend,53.99,512.4,16.022,2026-01-17 14:00:00,5,1,53.99,29.68,suburban
12,15,weekend,52.72,441.0,14.123,2026-01-17 15:00:00,5,1,52.72,26.79,suburban
12,16,weekend,48.54,364.9,11.754,2026-01-17 16:00:00,5,1,48.54,24.22,suburban
12,17,weekend,52.02,352.0,12.703,2026-01-17 17:00:00,5,1,52.02,24.42,suburban
12,18,weekend,58.35,332.3,16.519,2026-01-17 18:00:00,5,1,58.35,28.31,suburban
12,19,weekend,69.47,288.7,23.127,2026-01-17 19:00:00,5,1,69.47,33.29,motorway
12,20,weekend,77.09,230.3,24.816,2026-01-17 20:00:00,5,1,77.09,32.19,motorway
12,21,weekend,80.09,160.0,33.433,2026-01-17 21:00:00,5,1,80.09,41.74,motorway
12,22,weekend,87.77,126.5,35.086,2026-01-17 22:00:00,5,1,87.77,39.97,motorway
12,23,weekend,0.0,0.0,0.63,2026-01-17 23:00:00,5,1,0.0,,parked
13,0,weekend,0.0,0.0,0.539,2026-01-18 00:00:00,6,1,0.0,,parked
13,1,weekend,0.0,0.0,0.521,2026-01-18 01:00:00,6,1,0.0,,parked
13,2,weekend,0.0,0.0,0.587,2026-01-18 02:00:00,6,1,0.0,,parked
13,3,weekend,0.0,0.0,0.614,2026-01-18 03:00:00,6,1,0.0,,parked
13,4,weekend,0.0,0.0,0.669,2026-01-18 04:00:00,6,1,0.0,,parked
13,5,weekend,86.04,669.7,32.617,2026-01-18 05:00:00,6,1,86.04,37.91,motorway
13,6,weekend,83.51,627.2,35.935,2026-01-18 06:00:00,6,1,83.51,43.03,motorway
13,7,weekend,81.96,608.4,30.186,2026-01-18 07:00:00,6,1,81.96,36.83,motorway
13,8,weekend,74.58,607.8,19.668,2026-01-18 08:00:00,6,1,74.58,26.37,motorway
13,9,weekend,67.59,540.0,16.64,2026-01-18 09:00:00,6,1,67.59,24.62,motorway
13,10,weekend,62.41,526.3,16.179,2026-01-18 10:00:00,6,1,62.41,25.92,motorway
13,11,weekend,60.98,477.7,14.168,2026-01-18 11:00:00,6,1,60.98,23.23,motorway
13,12,weekend,58.16,438.5,16.345,2026-01-18 12:00:00,6,1,58.16,28.1,suburban
13,13,weekend,54.79,381.0,9.796,2026-01-18 13:00:00,6,1,54.79,17.88,suburban
13,14,weekend,52.61,351.3,9.049,2026-01-18 14:00:00,6,1,52.61,17.2,suburban
13,15,weekend,54.77,329.1,13.364,2026-01-18 15:00:00,6,1,54.77,24.4,suburban
13,16,weekend,47.78,301.2,8.802,2026-01-18 16:00:00,6,1,47.78,18.42,suburban
13,17,weekend,50.52,254.6,10.478,2026-01-18 17:00:00,6,1,50.52,20.74,suburban
13,18,weekend,59.97,209.7,15.543,2026-01-18 18:00:00,6,1,59.97,25.92,suburban
13,19,weekend,68.96,202.2,15.738,2026-01-18 19:00:00,6,1,68.96,22.82,motorway
13,20,weekend,76.74,180.9,21.58,2026-01-18 20:00:00,6,1,76.74,28.12,motorway
13,21,weekend,83.63,129.8,33.058,2026-01-18 21:00:00,6,1,83.63,39.53,motorway
13,22,weekend,88.48,76.6,37.789,2026-01-18 22:00:00,6,1,88.48,42.71,motorway
13,23,weekend,0.0,0.0,0.572,2026-01-18 23:00:00,6,1,0.0,,parked
14,0,weekday,0.0,0.0,0.551,2026-01-19 00:00:00,0,0,0.0,,parked
14,1,weekday,0.0,0.0,0.535,2026-01-19 01:00:00,0,0,0.0,,parked
14,2,weekday,0.0,0.0,0.545,2026-01-19 02:00:00,0,0,0.0,,parked
14,3,weekday,0.0,0.0,0.641,2026-01-19 03:00:00,0,0,0.0,,parked
14,4,weekday,0.0,0.0,0.657,2026-01-19 04:00:00,0,0,0.0,,parked
14,5,weekday,84.47,983.6,34.529,2026-01-19 05:00:00,0,0,84.47,40.88,motorway
14,6,weekday,73.26,960.9,25.683,2026-01-19 06:00:00,0,0,73.26,35.06,motorway
14,7,weekday,58.39,941.2,15.989,2026-01-19 07:00:00,0,0,58.39,27.38,suburban
14,8,weekday,36.25,895.7,6.324,2026-01-19 08:00:00,0,0,36.25,17.45,suburban
14,9,weekday,36.31,818.3,6.445,2026-01-19 09:00:00,0,0,36.31,17.75,suburban
14,10,weekday,56.58,784.0,11.642,2026-01-19 10:00:00,0,0,56.58,20.58,suburban
14,11,weekday,77.45,738.0,26.704,2026-01-19 11:00:00,0,0,77.45,34.48,motorway
14,12,weekday,83.81,707.5,31.386,2026-01-19 12:00:00,0,0,83.81,37.45,motorway
14,13,weekday,86.52,613.7,32.369,2026-01-19 13:00:00,0,0,86.52,37.41,motorway
14,14,weekday,80.56,589.5,34.478,2026-01-19 14:00:00,0,0,80.56,42.8,motorway
14,15,weekday,73.49,503.8,21.57,2026-01-19 15:00:00,0,0,73.49,29.35,motorway
14,16,weekday,55.58,501.3,13.619,2026-01-19 16:00:00,0,0,55.58,24.5,suburban
14,17,weekday,36.73,430.6,7.485,2026-01-19 17:00:00,0,0,36.73,20.38,suburban
14,18,weekday,27.83,346.1,6.548,2026-01-19 18:00:00,0,0,27.83,23.53,urban
14,19,weekday,37.47,341.7,8.517,2026-01-19 19:00:00,0,0,37.47,22.73,suburban
14,20,weekday,56.2,246.7,13.577,2026-01-19 20:00:00,0,0,56.2,24.16,suburban
14,21,weekday,75.47,214.6,22.465,2026-01-19 21:00:00,0,0,75.47,29.77,motorway
14,22,weekday,79.66,115.2,30.233,2026-01-19 22:00:00,0,0,79.66,37.95,motorway
14,23,weekday,0.0,0.0,0.637,2026-01-19 23:00:00,0,0,0.0,,parked
15,0,weekday,0.0,0.0,0.592,2026-01-20 00:00:00,1,0,0.0,,parked
15,1,weekday,0.0,0.0,0.545,2026-01-20 01:00:00,1,0,0.0,,parked
15,2,weekday,0.0,0.0,0.487,2026-01-20 02:00:00,1,0,0.0,,parked
15,3,weekday,0.0,0.0,0.668,2026-01-20 03:00:00,1,0,0.0,,parked
15,4,weekday,0.0,0.0,0.648,2026-01-20 04:00:00,1,0,0.0,,parked
15,5,weekday,84.09,1193.3,23.016,2026-01-20 05:00:00,1,0,84.09,27.37,motorway
15,6,weekday,77.76,1127.6,20.873,2026-01-20 06:00:00,1,0,77.76,26.84,motorway
15,7,weekday,58.31,1017.4,13.082,2026-01-20 07:00:00,1,0,58.31,22.44,suburban
15,8,weekday,36.67,999.9,6.292,2026-01-20 08:00:00,1,0,36.67,17.16,suburban
15,9,weekday,38.21,949.7,7.395,2026-01-20 09:00:00,1,0,38.21,19.35,suburban
15,10,weekday,58.24,878.9,11.39,2026-01-20 10:00:00,1,0,58.24,19.56,suburban
15,11,weekday,74.25,839.1,21.803,2026-01-20 11:00:00,1,0,74.25,29.36,motorway
15,12,weekday,82.92,772.4,29.277,2026-01-20 12:00:00,1,0,82.92,35.31,motorway
15,13,weekday,84.8,732.8,24.436,2026-01-20 13:00:00,1,0,84.8,28.82,motorway
15,14,weekday,85.68,665.1,29.199,2026-01-20 14:00:00,1,0,85.68,34.08,motorway
15,15,weekday,72.72,580.1,26.897,2026-01-20 15:00:00,1,0,72.72,36.99,motorway
15,16,weekday,54.85,515.8,17.709,2026-01-20 16:00:00,1,0,54.85,32.29,suburban
15,17,weekday,35.48,495.2,7.461,2026-01-20 17:00:00,1,0,35.48,21.03,suburban
15,18,weekday,28.84,391.4,6.646,2026-01-20 18:00:00,1,0,28.84,23.04,urban
15,19,weekday,37.28,350.1,7.909,2026-01-20 19:00:00,1,0,37.28,21.22,suburban
15,20,weekday,55.25,290.5,15.208,2026-01-20 20:00:00,1,0,55.25,27.53,suburban
15,21,weekday,74.33,230.8,21.641,2026-01-20 21:00:00,1,0,74.33,29.11,motorway
15,22,weekday,84.91,203.7,27.318,2026-01-20 22:00:00,1,0,84.91,32.17,motorway
15,23,weekday,0.0,0.0,0.666,2026-01-20 23:00:00,1,0,0.0,,parked
16,0,weekday,0.0,0.0,0.572,2026-01-21 00:00:00,2,0,0.0,,parked
16,1,weekday,0.0,0.0,0.573,2026-01-21 01:00:00,2,0,0.0,,parked
16,2,weekday,0.0,0.0,0.656,2026-01-21 02:00:00,2,0,0.0,,parked
16,3,weekday,0.0,0.0,0.482,2026-01-21 03:00:00,2,0,0.0,,parked
16,4,weekday,0.0,0.0,0.675,2026-01-21 04:00:00,2,0,0.0,,parked
16,5,weekday,85.68,685.6,25.36,2026-01-21 05:00:00,2,0,85.68,29.6,motorway
16,6,weekday,75.26,614.2,25.075,2026-01-21 06:00:00,2,0,75.26,33.32,motorway
16,7,weekday,57.15,557.1,14.328,2026-01-21 07:00:00,2,0,57.15,25.07,suburban
16,8,weekday,35.19,573.0,5.72,2026-01-21 08:00:00,2,0,35.19,16.25,suburban
16,9,weekday,34.97,524.4,6.75,2026-01-21 09:00:00,2,0,34.97,19.3,suburban
16,10,weekday,57.5,500.6,14.97,2026-01-21 10:00:00,2,0,57.5,26.03,suburban
16,11,weekday,77.37,454.1,30.191,2026-01-21 11:00:00,2,0,77.37,39.02,motorway
16,12,weekday,87.2,456.8,26.498,2026-01-21 12:00:00,2,0,87.2,30.39,motorway
16,13,weekday,87.91,415.8,37.462,2026-01-21 13:00:00,2,0,87.91,42.61,motorway
16,14,weekday,82.58,371.2,34.317,2026-01-21 14:00:00,2,0,82.58,41.56,motorway
16,15,weekday,71.67,346.8,24.295,2026-01-21 15:00:00,2,0,71.67,33.9,motorway
16,16,weekday,56.75,291.9,13.626,2026-01-21 16:00:00,2,0,56.75,24.01,suburban
16,17,weekday,34.13,269.0,5.97,2026-01-21 17:00:00,2,0,34.13,17.49,suburban
16,18,weekday,23.57,206.3,4.819,2026-01-21 18:00:00,2,0,23.57,20.45,urban
16,19,weekday,37.12,170.4,6.528,2026-01-21 19:00:00,2,0,37.12,17.59,suburban
16,20,weekday,56.07,211.7,12.898,2026-01-21 20:00:00,2,0,56.07,23.0,suburban
16,21,weekday,72.15,125.6,19.373,2026-01-21 21:00:00,2,0,72.15,26.85,motorway
16,22,weekday,82.33,128.4,25.133,2026-01-21 22:00:00,2,0,82.33,30.53,motorway
16,23,weekday,0.0,0.0,0.629,2026-01-21 23:00:00,2,0,0.0,,parked
17,0,weekday,0.0,0.0,0.523,2026-01-22 00:00:00,3,0,0.0,,parked
17,1,weekday,0.0,0.0,0.586,2026-01-22 01:00:00,3,0,0.0,,parked
17,2,weekday,0.0,0.0,0.589,2026-01-22 02:00:00,3,0,0.0,,parked
17,3,weekday,0.0,0.0,0.558,2026-01-22 03:00:00,3,0,0.0,,parked
17,4,weekday,0.0,0.0,0.587,2026-01-22 04:00:00,3,0,0.0,,parked
17,5,weekday,87.23,1200.0,26.415,2026-01-22 05:00:00,3,0,87.23,30.28,motorway
17,6,weekday,76.39,1200.0,21.639,2026-01-22 06:00:00,3,0,76.39,28.33,motorway
17,7,weekday,59.02,1197.1,15.381,2026-01-22 07:00:00,3,0,59.02,26.06,suburban
17,8,weekday,35.95,1137.6,6.709,2026-01-22 08:00:00,3,0,35.95,18.66,suburban
17,9,weekday,33.4,1062.6,7.186,2026-01-22 09:00:00,3,0,33.4,21.51,suburban
17,10,weekday,56.42,977.6,12.985,2026-01-22 10:00:00,3,0,56.42,23.01,suburban
17,11,weekday,74.94,930.5,21.502,2026-01-22 11:00:00,3,0,74.94,28.69,motorway
17,12,weekday,83.54,846.7,30.648,2026-01-22 12:00:00,3,0,83.54,36.69,motorway
17,13,weekday,86.91,787.8,40.818,2026-01-22 13:00:00,3,0,86.91,46.97,motorway
17,14,weekday,82.83,766.0,28.133,2026-01-22 14:00:00,3,0,82.83,33.96,motorway
17,15,weekday,73.86,677.9,18.716,2026-01-22 15:00:00,3,0,73.86,25.34,motorway
17,16,weekday,55.95,579.7,12.081,2026-01-22 16:00:00,3,0,55.95,21.59,suburban
17,17,weekday,33.68,502.7,4.087,2026-01-22 17:00:00,3,0,33.68,12.13,suburban
17,18,weekday,27.72,453.5,5.446,2026-01-22 18:00:00,3,0,27.72,19.65,urban
17,19,weekday,36.32,353.3,6.784,2026-01-22 19:00:00,3,0,36.32,18.68,suburban
17,20,weekday,56.1,349.6,12.249,2026-01-22 20:00:00,3,0,56.1,21.83,suburban
17,21,weekday,71.6,279.0,22.012,2026-01-22 21:00:00,3,0,71.6,30.74,motorway
17,22,weekday,85.2,192.8,34.897,2026-01-22 22:00:00,3,0,85.2,40.96,motorway
17,23,weekday,0.0,0.0,0.619,2026-01-22 23:00:00,3,0,0.0,,parked
18,0,weekday,0.0,0.0,0.52,2026-01-23 00:00:00,4,0,0.0,,parked
18,1,weekday,0.0,0.0,0.583,2026-01-23 01:00:00,4,0,0.0,,parked
18,2,weekday,0.0,0.0,0.553,2026-01-23 02:00:00,4,0,0.0,,parked
18,3,weekday,0.0,0.0,0.607,2026-01-23 03:00:00,4,0,0.0,,parked
18,4,weekday,0.0,0.0,0.65,2026-01-23 04:00:00,4,0,0.0,,parked
18,5,weekday,86.7,1136.7,25.03,2026-01-23 05:00:00,4,0,86.7,28.87,motorway
18,6,weekday,76.84,1048.1,18.394,2026-01-23 06:00:00,4,0,76.84,23.94,motorway
18,7,weekday,55.5,985.2,10.6,2026-01-23 07:00:00,4,0,55.5,19.1,suburban
18,8,weekday,33.08,952.9,5.729,2026-01-23 08:00:00,4,0,33.08,17.32,suburban
18,9,weekday,35.44,867.3,6.0,2026-01-23 09:00:00,4,0,35.44,16.93,suburban
18,10,weekday,58.0,796.1,14.669,2026-01-23 10:00:00,4,0,58.0,25.29,suburban
18,11,weekday,76.37,795.3,26.215,2026-01-23 11:00:00,4,0,76.37,34.33,motorway
18,12,weekday,82.88,681.4,34.22,2026-01-23 12:00:00,4,0,82.88,41.29,motorway
18,13,weekday,85.73,644.6,27.263,2026-01-23 13:00:00,4,0,85.73,31.8,motorway
18,14,weekday,81.8,623.8,28.593,2026-01-23 14:00:00,4,0,81.8,34.95,motorway
18,15,weekday,73.4,591.8,20.901,2026-01-23 15:00:00,4,0,73.4,28.48,motorway
18,16,weekday,57.33,529.5,12.356,2026-01-23 16:00:00,4,0,57.33,21.55,suburban
18,17,weekday,38.62,458.4,7.24,2026-01-23 17:00:00,4,0,38.62,18.75,suburban
18,18,weekday,27.42,397.9,5.319,2026-01-23 18:00:00,4,0,27.42,19.4,urban
18,19,weekday,36.7,322.6,6.559,2026-01-23 19:00:00,4,0,36.7,17.87,suburban
18,20,weekday,52.97,286.6,13.361,2026-01-23 20:00:00,4,0,52.97,25.22,suburban
18,21,weekday,73.11,239.3,29.245,2026-01-23 21:00:00,4,0,73.11,40.0,motorway
18,22,weekday,84.62,121.2,39.897,2026-01-23 22:00:00,4,0,84.62,47.15,motorway
18,23,weekday,0.0,0.0,0.678,2026-01-23 23:00:00,4,0,0.0,,parked
19,0,weekend,0.0,0.0,0.562,2026-01-24 00:00:00,5,1,0.0,,parked
19,1,weekend,0.0,0.0,0.578,2026-01-24 01:00:00,5,1,0.0,,parked
19,2,weekend,0.0,0.0,0.504,2026-01-24 02:00:00,5,1,0.0,,parked
19,3,weekend,0.0,0.0,0.626,2026-01-24 03:00:00,5,1,0.0,,parked
19,4,weekend,0.0,0.0,0.604,2026-01-24 04:00:00,5,1,0.0,,parked
19,5,weekend,82.56,447.5,29.301,2026-01-24 05:00:00,5,1,82.56,35.49,motorway
19,6,weekend,83.73,436.2,32.961,2026-01-24 06:00:00,5,1,83.73,39.37,motorway
19,7,weekend,79.26,416.6,28.147,2026-01-24 07:00:00,5,1,79.26,35.51,motorway
19,8,weekend,74.22,338.0,22.883,2026-01-24 08:00:00,5,1,74.22,30.83,motorway
19,9,weekend,69.53,350.2,19.237,2026-01-24 09:00:00,5,1,69.53,27.67,motorway
19,10,weekend,62.83,361.9,13.457,2026-01-24 10:00:00,5,1,62.83,21.42,motorway
19,11,weekend,59.88,304.2,11.301,2026-01-24 11:00:00,5,1,59.88,18.87,suburban
19,12,weekend,57.86,250.5,10.372,2026-01-24 12:00:00,5,1,57.86,17.93,suburban
19,13,weekend,56.58,228.4,12.089,2026-01-24 13:00:00,5,1,56.58,21.37,suburban
19,14,weekend,53.79,233.4,9.766,2026-01-24 14:00:00,5,1,53.79,18.16,suburban
19,15,weekend,51.26,241.9,8.939,2026-01-24 15:00:00,5,1,51.26,17.44,suburban
19,16,weekend,49.83,200.5,9.756,2026-01-24 16:00:00,5,1,49.83,19.58,suburban
19,17,weekend,52.11,142.4,10.228,2026-01-24 17:00:00,5,1,52.11,19.63,suburban
19,18,weekend,57.47,160.3,12.459,2026-01-24 18:00:00,5,1,57.47,21.68,suburban
19,19,weekend,65.4,134.4,18.561,2026-01-24 19:00:00,5,1,65.4,28.38,motorway
19,20,weekend,76.41,62.1,26.322,2026-01-24 20:00:00,5,1,76.41,34.45,motorway
19,21,weekend,81.44,92.1,36.95,2026-01-24 21:00:00,5,1,81.44,45.37,motorway
19,22,weekend,84.66,19.7,36.338,2026-01-24 22:00:00,5,1,84.66,42.92,motorway
19,23,weekend,0.0,0.0,0.574,2026-01-24 23:00:00,5,1,0.0,,parked
20,0,weekend,0.0,0.0,0.532,2026-01-25 00:00:00,6,1,0.0,,parked
20,1,weekend,0.0,0.0,0.505,2026-01-25 01:00:00,6,1,0.0,,parked
20,2,weekend,0.0,0.0,0.521,2026-01-25 02:00:00,6,1,0.0,,parked
20,3,weekend,0.0,0.0,0.722,2026-01-25 03:00:00,6,1,0.0,,parked
20,4,weekend,0.0,0.0,0.69,2026-01-25 04:00:00,6,1,0.0,,parked
20,5,weekend,85.39,684.9,33.173,2026-01-25 05:00:00,6,1,85.39,38.85,motorway
20,6,weekend,83.86,644.9,27.598,2026-01-25 06:00:00,6,1,83.86,32.91,motorway
20,7,weekend,81.4,587.7,27.1,2026-01-25 07:00:00,6,1,81.4,33.29,motorway
20,8,weekend,74.74,573.1,23.713,2026-01-25 08:00:00,6,1,74.74,31.73,motorway
20,9,weekend,66.43,560.1,16.912,2026-01-25 09:00:00,6,1,66.43,25.46,motorway
20,10,weekend,63.46,502.7,16.663,2026-01-25 10:00:00,6,1,63.46,26.26,motorway
20,11,weekend,58.61,465.2,11.987,2026-01-25 11:00:00,6,1,58.61,20.45,suburban
20,12,weekend,58.93,478.4,17.418,2026-01-25 12:00:00,6,1,58.93,29.56,suburban
20,13,weekend,57.02,386.5,11.614,2026-01-25 13:00:00,6,1,57.02,20.37,suburban
20,14,weekend,53.29,354.8,10.415,2026-01-25 14:00:00,6,1,53.29,19.54,suburban
20,15,weekend,53.33,323.3,11.699,2026-01-25 15:00:00,6,1,53.33,21.94,suburban
20,16,weekend,50.75,281.6,10.01,2026-01-25 16:00:00,6,1,50.75,19.72,suburban
20,17,weekend,53.36,246.4,11.441,2026-01-25 17:00:00,6,1,53.36,21.44,suburban
20,18,weekend,61.53,255.4,13.272,2026-01-25 18:00:00,6,1,61.53,21.57,motorway
20,19,weekend,66.53,218.8,12.869,2026-01-25 19:00:00,6,1,66.53,19.34,motorway
20,20,weekend,73.81,176.9,20.083,2026-01-25 20:00:00,6,1,73.81,27.21,motorway
20,21,weekend,82.11,142.2,19.507,2026-01-25 21:00:00,6,1,82.11,23.76,motorway
20,22,weekend,85.05,96.0,17.954,2026-01-25 22:00:00,6,1,85.05,21.11,motorway
20,23,weekend,0.0,0.0,0.602,2026-01-25 23:00:00,6,1,0.0,,parked
21,0,weekday,0.0,0.0,0.537,2026-01-26 00:00:00,0,0,0.0,,parked
21,1,weekday,0.0,0.0,0.478,2026-01-26 01:00:00,0,0,0.0,,parked
21,2,weekday,0.0,0.0,0.587,2026-01-26 02:00:00,0,0,0.0,,parked
21,3,weekday,0.0,0.0,0.674,2026-01-26 03:00:00,0,0,0.0,,parked
21,4,weekday,0.0,0.0,0.576,2026-01-26 04:00:00,0,0,0.0,,parked
21,5,weekday,85.53,1200.0,27.708,2026-01-26 05:00:00,0,0,85.53,32.4,motorway
21,6,weekday,78.03,1200.0,26.096,2026-01-26 06:00:00,0,0,78.03,33.44,motorway
21,7,weekday,57.61,1200.0,12.605,2026-01-26 07:00:00,0,0,57.61,21.88,suburban
21,8,weekday,36.47,1163.6,6.648,2026-01-26 08:00:00,0,0,36.47,18.23,suburban
21,9,weekday,35.12,1093.9,5.485,2026-01-26 09:00:00,0,0,35.12,15.62,suburban
21,10,weekday,57.08,1023.1,10.449,2026-01-26 10:00:00,0,0,57.08,18.31,suburban
21,11,weekday,76.21,973.6,18.984,2026-01-26 11:00:00,0,0,76.21,24.91,motorway
21,12,weekday,85.32,894.2,22.705,2026-01-26 12:00:00,0,0,85.32,26.61,motorway
21,13,weekday,83.36,809.9,20.127,2026-01-26 13:00:00,0,0,83.36,24.14,motorway
21,14,weekday,83.89,728.9,23.816,2026-01-26 14:00:00,0,0,83.89,28.39,motorway
21,15,weekday,74.05,683.8,17.653,2026-01-26 15:00:00,0,0,74.05,23.84,motorway
21,16,weekday,57.2,614.8,10.496,2026-01-26 16:00:00,0,0,57.2,18.35,suburban
21,17,weekday,34.95,567.7,6.738,2026-01-26 17:00:00,0,0,34.95,19.28,suburban
21,18,weekday,28.24,467.9,6.164,2026-01-26 18:00:00,0,0,28.24,21.83,urban
21,19,weekday,36.93,422.0,6.134,2026-01-26 19:00:00,0,0,36.93,16.61,suburban
21,20,weekday,53.84,315.9,9.155,2026-01-26 20:00:00,0,0,53.84,17.0,suburban
21,21,weekday,75.75,298.2,20.289,2026-01-26 21:00:00,0,0,75.75,26.78,motorway
21,22,weekday,85.05,193.2,32.313,2026-01-26 22:00:00,0,0,85.05,37.99,motorway
21,23,weekday,0.0,0.0,0.638,2026-01-26 23:00:00,0,0,0.0,,parked
22,0,weekday,0.0,0.0,0.58,2026-01-27 00:00:00,1,0,0.0,,parked
22,1,weekday,0.0,0.0,0.53,2026-01-27 01:00:00,1,0,0.0,,parked
22,2,weekday,0.0,0.0,0.485,2026-01-27 02:00:00,1,0,0.0,,parked
22,3,weekday,0.0,0.0,0.597,2026-01-27 03:00:00,1,0,0.0,,parked
22,4,weekday,0.0,0.0,0.709,2026-01-27 04:00:00,1,0,0.0,,parked
22,5,weekday,83.93,1200.0,26.785,2026-01-27 05:00:00,1,0,83.93,31.91,motorway
22,6,weekday,76.44,1200.0,21.384,2026-01-27 06:00:00,1,0,76.44,27.97,motorway
22,7,weekday,56.68,1131.0,14.263,2026-01-27 07:00:00,1,0,56.68,25.16,suburban
22,8,weekday,36.22,1088.1,5.092,2026-01-27 08:00:00,1,0,36.22,14.06,suburban
22,9,weekday,30.89,1001.3,6.728,2026-01-27 09:00:00,1,0,30.89,21.78,suburban
22,10,weekday,54.25,928.4,14.372,2026-01-27 10:00:00,1,0,54.25,26.49,suburban
22,11,weekday,78.29,885.9,19.758,2026-01-27 11:00:00,1,0,78.29,25.24,motorway
22,12,weekday,83.78,840.9,26.49,2026-01-27 12:00:00,1,0,83.78,31.62,motorway
22,13,weekday,85.81,743.0,24.687,2026-01-27 13:00:00,1,0,85.81,28.77,motorway
22,14,weekday,85.3,696.2,18.497,2026-01-27 14:00:00,1,0,85.3,21.68,motorway
22,15,weekday,71.84,608.0,14.793,2026-01-27 15:00:00,1,0,71.84,20.59,motorway
22,16,weekday,52.36,562.6,6.698,2026-01-27 16:00:00,1,0,52.36,12.79,suburban
22,17,weekday,35.22,489.4,5.279,2026-01-27 17:00:00,1,0,35.22,14.99,suburban
22,18,weekday,28.37,407.9,4.345,2026-01-27 18:00:00,1,0,28.37,15.32,urban
22,19,weekday,35.04,398.3,4.783,2026-01-27 19:00:00,1,0,35.04,13.65,suburban
22,20,weekday,54.76,320.1,9.849,2026-01-27 20:00:00,1,0,54.76,17.99,suburban
22,21,weekday,72.68,238.7,18.859,2026-01-27 21:00:00,1,0,72.68,25.95,motorway
22,22,weekday,82.79,181.5,27.365,2026-01-27 22:00:00,1,0,82.79,33.05,motorway
22,23,weekday,0.0,0.0,0.609,2026-01-27 23:00:00,1,0,0.0,,parked
23,0,holiday,0.0,0.0,0.59,2026-01-28 00:00:00,2,0,0.0,,parked
23,1,holiday,0.0,0.0,0.575,2026-01-28 01:00:00,2,0,0.0,,parked
23,2,holiday,0.0,0.0,0.61,2026-01-28 02:00:00,2,0,0.0,,parked
23,3,holiday,0.0,0.0,0.598,2026-01-28 03:00:00,2,0,0.0,,parked
23,4,holiday,0.0,0.0,0.67,2026-01-28 04:00:00,2,0,0.0,,parked
23,5,holiday,86.51,623.5,27.691,2026-01-28 05:00:00,2,0,86.51,32.01,motorway
23,6,holiday,83.79,596.4,26.95,2026-01-28 06:00:00,2,0,83.79,32.16,motorway
23,7,holiday,85.46,559.3,29.811,2026-01-28 07:00:00,2,0,85.46,34.88,motorway
23,8,holiday,81.28,516.0,32.053,2026-01-28 08:00:00,2,0,81.28,39.44,motorway
23,9,holiday,77.3,504.3,23.979,2026-01-28 09:00:00,2,0,77.3,31.02,motorway
23,10,holiday,76.87,462.8,18.404,2026-01-28 10:00:00,2,0,76.87,23.94,motorway
23,11,holiday,73.8,408.4,25.215,2026-01-28 11:00:00,2,0,73.8,34.17,motorway
23,12,holiday,71.98,434.5,22.869,2026-01-28 12:00:00,2,0,71.98,31.77,motorway
23,13,holiday,71.87,383.3,22.956,2026-01-28 13:00:00,2,0,71.87,31.94,motorway
23,14,holiday,74.0,343.3,23.175,2026-01-28 14:00:00,2,0,74.0,31.32,motorway
23,15,holiday,76.09,321.1,17.005,2026-01-28 15:00:00,2,0,76.09,22.35,motorway
23,16,holiday,80.71,304.9,24.659,2026-01-28 16:00:00,2,0,80.71,30.55,motorway
23,17,holiday,83.41,250.1,31.507,2026-01-28 17:00:00,2,0,83.41,37.77,motorway
23,18,holiday,87.33,197.0,31.967,2026-01-28 18:00:00,2,0,87.33,36.6,motorway
23,19,holiday,87.94,224.2,32.848,2026-01-28 19:00:00,2,0,87.94,37.35,motorway
23,20,holiday,86.05,168.1,29.409,2026-01-28 20:00:00,2,0,86.05,34.18,motorway
23,21,holiday,86.14,139.2,26.291,2026-01-28 21:00:00,2,0,86.14,30.52,motorway
23,22,holiday,92.22,100.3,40.509,2026-01-28 22:00:00,2,0,92.22,43.93,motorway
23,23,holiday,0.0,0.0,0.534,2026-01-28 23:00:00,2,0,0.0,,parked
24,0,weekday,0.0,0.0,0.632,2026-01-29 00:00:00,3,0,0.0,,parked
24,1,weekday,0.0,0.0,0.582,2026-01-29 01:00:00,3,0,0.0,,parked
24,2,weekday,0.0,0.0,0.579,2026-01-29 02:00:00,3,0,0.0,,parked
24,3,weekday,0.0,0.0,0.624,2026-01-29 03:00:00,3,0,0.0,,parked
24,4,weekday,0.0,0.0,0.673,2026-01-29 04:00:00,3,0,0.0,,parked
24,5,weekday,83.43,793.2,30.996,2026-01-29 05:00:00,3,0,83.43,37.15,motorway
24,6,weekday,74.7,790.5,25.073,2026-01-29 06:00:00,3,0,74.7,33.56,motorway
24,7,weekday,55.08,757.7,11.348,2026-01-29 07:00:00,3,0,55.08,20.6,suburban
24,8,weekday,35.7,728.3,5.683,2026-01-29 08:00:00,3,0,35.7,15.92,suburban
24,9,weekday,34.76,653.6,5.631,2026-01-29 09:00:00,3,0,34.76,16.2,suburban
24,10,weekday,57.4,627.2,13.271,2026-01-29 10:00:00,3,0,57.4,23.12,suburban
24,11,weekday,77.78,600.4,22.25,2026-01-29 11:00:00,3,0,77.78,28.61,motorway
24,12,weekday,87.62,546.4,22.148,2026-01-29 12:00:00,3,0,87.62,25.28,motorway
24,13,weekday,87.57,494.1,24.216,2026-01-29 13:00:00,3,0,87.57,27.65,motorway
24,14,weekday,81.32,442.1,27.349,2026-01-29 14:00:00,3,0,81.32,33.63,motorway
24,15,weekday,73.78,434.6,23.278,2026-01-29 15:00:00,3,0,73.78,31.55,motorway
24,16,weekday,55.25,376.0,13.566,2026-01-29 16:00:00,3,0,55.25,24.55,suburban
24,17,weekday,37.74,344.2,7.361,2026-01-29 17:00:00,3,0,37.74,19.5,suburban
24,18,weekday,28.1,290.9,5.591,2026-01-29 18:00:00,3,0,28.1,19.9,urban
24,19,weekday,35.79,258.3,7.879,2026-01-29 19:00:00,3,0,35.79,22.01,suburban
24,20,weekday,59.14,200.6,16.293,2026-01-29 20:00:00,3,0,59.14,27.55,suburban
24,21,weekday,72.51,171.5,23.108,2026-01-29 21:00:00,3,0,72.51,31.87,motorway
24,22,weekday,84.81,123.0,30.457,2026-01-29 22:00:00,3,0,84.81,35.91,motorway
24,23,weekday,0.0,0.0,0.644,2026-01-29 23:00:00,3,0,0.0,,parked
25,0,weekday,0.0,0.0,0.597,2026-01-30 00:00:00,4,0,0.0,,parked
25,1,weekday,0.0,0.0,0.571,2026-01-30 01:00:00,4,0,0.0,,parked
25,2,weekday,0.0,0.0,0.621,2026-01-30 02:00:00,4,0,0.0,,parked
25,3,weekday,0.0,0.0,0.572,2026-01-30 03:00:00,4,0,0.0,,parked
25,4,weekday,0.0,0.0,0.717,2026-01-30 04:00:00,4,0,0.0,,parked
25,5,weekday,84.33,980.3,31.139,2026-01-30 05:00:00,4,0,84.33,36.93,motorway
25,6,weekday,75.21,944.4,25.658,2026-01-30 06:00:00,4,0,75.21,34.12,motorway
25,7,weekday,58.33,926.3,13.726,2026-01-30 07:00:00,4,0,58.33,23.53,suburban
25,8,weekday,34.54,804.7,5.93,2026-01-30 08:00:00,4,0,34.54,17.17,suburban
25,9,weekday,33.63,780.1,6.179,2026-01-30 09:00:00,4,0,33.63,18.37,suburban
25,10,weekday,57.21,737.1,14.013,2026-01-30 10:00:00,4,0,57.21,24.49,suburban
25,11,weekday,76.95,639.5,28.385,2026-01-30 11:00:00,4,0,76.95,36.89,motorway
25,12,weekday,85.33,625.9,30.532,2026-01-30 12:00:00,4,0,85.33,35.78,motorway
25,13,weekday,87.24,594.6,37.02,2026-01-30 13:00:00,4,0,87.24,42.43,motorway
25,14,weekday,82.95,535.2,26.575,2026-01-30 14:00:00,4,0,82.95,32.04,motorway
25,15,weekday,73.06,479.1,21.416,2026-01-30 15:00:00,4,0,73.06,29.31,motorway
25,16,weekday,55.37,436.8,13.167,2026-01-30 16:00:00,4,0,55.37,23.78,suburban
25,17,weekday,36.14,377.6,7.321,2026-01-30 17:00:00,4,0,36.14,20.26,suburban
25,18,weekday,27.35,354.2,6.632,2026-01-30 18:00:00,4,0,27.35,24.25,urban
25,19,weekday,39.25,272.7,8.474,2026-01-30 19:00:00,4,0,39.25,21.59,suburban
25,20,weekday,55.49,228.7,12.555,2026-01-30 20:00:00,4,0,55.49,22.63,suburban
25,21,weekday,71.89,195.1,21.761,2026-01-30 21:00:00,4,0,71.89,30.27,motorway
25,22,weekday,83.27,148.0,29.448,2026-01-30 22:00:00,4,0,83.27,35.36,motorway
25,23,weekday,0.0,0.0,0.638,2026-01-30 23:00:00,4,0,0.0,,parked
26,0,weekend,0.0,0.0,0.498,2026-01-31 00:00:00,5,1,0.0,,parked
26,1,weekend,0.0,0.0,0.523,2026-01-31 01:00:00,5,1,0.0,,parked
26,2,weekend,0.0,0.0,0.585,2026-01-31 02:00:00,5,1,0.0,,parked
26,3,weekend,0.0,0.0,0.58,2026-01-31 03:00:00,5,1,0.0,,parked
26,4,weekend,0.0,0.0,0.752,2026-01-31 04:00:00,5,1,0.0,,parked
26,5,weekend,84.1,768.5,29.8,2026-01-31 05:00:00,5,1,84.1,35.43,motorway
26,6,weekend,81.53,697.3,25.379,2026-01-31 06:00:00,5,1,81.53,31.13,motorway
26,7,weekend,78.47,673.0,28.762,2026-01-31 07:00:00,5,1,78.47,36.65,motorway
26,8,weekend,76.12,613.5,20.068,2026-01-31 08:00:00,5,1,76.12,26.36,motorway
26,9,weekend,70.03,610.7,14.62,2026-01-31 09:00:00,5,1,70.03,20.88,motorway
26,10,weekend,63.19,558.3,14.473,2026-01-31 10:00:00,5,1,63.19,22.9,motorway
26,11,weekend,60.45,520.5,12.433,2026-01-31 11:00:00,5,1,60.45,20.57,motorway
26,12,weekend,58.62,465.5,13.945,2026-01-31 12:00:00,5,1,58.62,23.79,suburban
26,13,weekend,57.11,388.5,12.54,2026-01-31 13:00:00,5,1,57.11,21.96,suburban
26,14,weekend,54.05,372.6,16.174,2026-01-31 14:00:00,5,1,54.05,29.92,suburban
26,15,weekend,53.73,380.4,14.55,2026-01-31 15:00:00,5,1,53.73,27.08,suburban
26,16,weekend,51.68,382.9,14.091,2026-01-31 16:00:00,5,1,51.68,27.27,suburban
26,17,weekend,53.59,322.7,12.674,2026-01-31 17:00:00,5,1,53.59,23.65,suburban
26,18,weekend,61.09,280.9,16.985,2026-01-31 18:00:00,5,1,61.09,27.8,motorway
26,19,weekend,67.25,218.8,15.215,2026-01-31 19:00:00,5,1,67.25,22.62,motorway
26,20,weekend,72.05,178.7,17.496,2026-01-31 20:00:00,5,1,72.05,24.28,motorway
26,21,weekend,85.02,150.2,26.902,2026-01-31 21:00:00,5,1,85.02,31.64,motorway
26,22,weekend,86.78,118.0,30.7,2026-01-31 22:00:00,5,1,86.78,35.38,motorway
26,23,weekend,0.0,0.0,0.649,2026-01-31 23:00:00,5,1,0.0,,parked
27,0,weekend,0.0,0.0,0.573,2026-02-01 00:00:00,6,1,0.0,,parked
27,1,weekend,0.0,0.0,0.553,2026-02-01 01:00:00,6,1,0.0,,parked
27,2,weekend,0.0,0.0,0.646,2026-02-01 02:00:00,6,1,0.0,,parked
27,3,weekend,0.0,0.0,0.626,2026-02-01 03:00:00,6,1,0.0,,parked
27,4,weekend,0.0,0.0,0.713,2026-02-01 04:00:00,6,1,0.0,,parked
27,5,weekend,88.39,731.1,27.882,2026-02-01 05:00:00,6,1,88.39,31.54,motorway
27,6,weekend,81.58,696.5,20.854,2026-02-01 06:00:00,6,1,81.58,25.56,motorway
27,7,weekend,80.15,710.3,22.253,2026-02-01 07:00:00,6,1,80.15,27.76,motorway
27,8,weekend,75.84,648.1,22.191,2026-02-01 08:00:00,6,1,75.84,29.26,motorway
27,9,weekend,68.12,598.4,13.382,2026-02-01 09:00:00,6,1,68.12,19.64,motorway
27,10,weekend,61.95,575.8,13.613,2026-02-01 10:00:00,6,1,61.95,21.97,motorway
27,11,weekend,60.47,508.6,14.152,2026-02-01 11:00:00,6,1,60.47,23.4,motorway
27,12,weekend,54.71,476.0,10.765,2026-02-01 12:00:00,6,1,54.71,19.68,suburban
27,13,weekend,59.28,468.0,13.34,2026-02-01 13:00:00,6,1,59.28,22.5,suburban
27,14,weekend,55.6,450.9,14.036,2026-02-01 14:00:00,6,1,55.6,25.24,suburban
27,15,weekend,51.49,346.2,12.831,2026-02-01 15:00:00,6,1,51.49,24.92,suburban
27,16,weekend,50.28,325.2,11.588,2026-02-01 16:00:00,6,1,50.28,23.05,suburban
27,17,weekend,49.26,301.2,9.1,2026-02-01 17:00:00,6,1,49.26,18.47,suburban
27,18,weekend,59.21,249.2,14.319,2026-02-01 18:00:00,6,1,59.21,24.18,suburban
27,19,weekend,67.23,232.0,14.053,2026-02-01 19:00:00,6,1,67.23,20.9,motorway
27,20,weekend,77.2,204.4,16.983,2026-02-01 20:00:00,6,1,77.2,22.0,motorway
27,21,weekend,83.18,112.3,17.698,2026-02-01 21:00:00,6,1,83.18,21.28,motorway
27,22,weekend,83.8,100.3,17.535,2026-02-01 22:00:00,6,1,83.8,20.92,motorway
27,23,weekend,0.0,0.0,0.654,2026-02-01 23:00:00,6,1,0.0,,parked
28,0,weekday,0.0,0.0,0.524,2026-02-02 00:00:00,0,0,0.0,,parked
28,1,weekday,0.0,0.0,0.491,2026-02-02 01:00:00,0,0,0.0,,parked
28,2,weekday,0.0,0.0,0.57,2026-02-02 02:00:00,0,0,0.0,,parked
28,3,weekday,0.0,0.0,0.599,2026-02-02 03:00:00,0,0,0.0,,parked
28,4,weekday,0.0,0.0,0.77,2026-02-02 04:00:00,0,0,0.0,,parked
28,5,weekday,83.38,1200.0,21.895,2026-02-02 05:00:00,0,0,83.38,26.26,motorway
28,6,weekday,75.68,1200.0,13.724,2026-02-02 06:00:00,0,0,75.68,18.13,motorway
28,7,weekday,56.04,1200.0,9.032,2026-02-02 07:00:00,0,0,56.04,16.12,suburban
28,8,weekday,37.16,1200.0,5.73,2026-02-02 08:00:00,0,0,37.16,15.42,suburban
28,9,weekday,38.19,1193.0,7.306,2026-02-02 09:00:00,0,0,38.19,19.13,suburban
28,10,weekday,56.61,1142.2,10.517,2026-02-02 10:00:00,0,0,56.61,18.58,suburban
28,11,weekday,77.01,1090.5,19.181,2026-02-02 11:00:00,0,0,77.01,24.91,motorway
28,12,weekday,86.16,974.6,28.641,2026-02-02 12:00:00,0,0,86.16,33.24,motorway
28,13,weekday,90.32,910.1,33.611,2026-02-02 13:00:00,0,0,90.32,37.21,motorway
28,14,weekday,84.12,830.4,31.498,2026-02-02 14:00:00,0,0,84.12,37.44,motorway
28,15,weekday,71.8,756.5,24.279,2026-02-02 15:00:00,0,0,71.8,33.81,motorway
28,16,weekday,54.73,651.4,12.833,2026-02-02 16:00:00,0,0,54.73,23.45,suburban
28,17,weekday,34.61,608.6,5.934,2026-02-02 17:00:00,0,0,34.61,17.15,suburban
28,18,weekday,26.84,526.5,5.92,2026-02-02 18:00:00,0,0,26.84,22.06,urban
28,19,weekday,36.6,449.6,6.526,2026-02-02 19:00:00,0,0,36.6,17.83,suburban
28,20,weekday,56.51,364.2,13.611,2026-02-02 20:00:00,0,0,56.51,24.09,suburban
28,21,weekday,73.36,321.1,17.81,2026-02-02 21:00:00,0,0,73.36,24.28,motorway
28,22,weekday,81.6,233.8,28.693,2026-02-02 22:00:00,0,0,81.6,35.16,motorway
28,23,weekday,0.0,0.0,0.619,2026-02-02 23:00:00,0,0,0.0,,parked
29,0,weekday,0.0,0.0,0.555,2026-02-03 00:00:00,1,0,0.0,,parked
29,1,weekday,0.0,0.0,0.534,2026-02-03 01:00:00,1,0,0.0,,parked
29,2,weekday,0.0,0.0,0.551,2026-02-03 02:00:00,1,0,0.0,,parked
29,3,weekday,0.0,0.0,0.736,2026-02-03 03:00:00,1,0,0.0,,parked
29,4,weekday,0.0,0.0,0.564,2026-02-03 04:00:00,1,0,0.0,,parked
29,5,weekday,87.39,1200.0,39.993,2026-02-03 05:00:00,1,0,87.39,45.76,motorway
29,6,weekday,77.36,1200.0,34.657,2026-02-03 06:00:00,1,0,77.36,44.8,motorway
29,7,weekday,56.99,1200.0,19.069,2026-02-03 07:00:00,1,0,56.99,33.46,suburban
29,8,weekday,38.02,1200.0,10.065,2026-02-03 08:00:00,1,0,38.02,26.47,suburban
29,9,weekday,34.58,1188.2,9.117,2026-02-03 09:00:00,1,0,34.58,26.36,suburban
29,10,weekday,53.89,1109.4,18.072,2026-02-03 10:00:00,1,0,53.89,33.53,suburban
29,11,weekday,73.9,1077.3,28.589,2026-02-03 11:00:00,1,0,73.9,38.69,motorway
29,12,weekday,84.75,986.8,33.483,2026-02-03 12:00:00,1,0,84.75,39.51,motorway
29,13,weekday,87.23,895.8,40.842,2026-02-03 13:00:00,1,0,87.23,46.82,motorway
29,14,weekday,84.46,799.4,30.814,2026-02-03 14:00:00,1,0,84.46,36.48,motorway
29,15,weekday,73.98,752.1,28.181,2026-02-03 15:00:00,1,0,73.98,38.09,motorway
29,16,weekday,56.82,667.3,14.63,2026-02-03 16:00:00,1,0,56.82,25.75,suburban
29,17,weekday,39.61,559.3,8.326,2026-02-03 17:00:00,1,0,39.61,21.02,suburban
29,18,weekday,27.84,511.0,4.335,2026-02-03 18:00:00,1,0,27.84,15.57,urban
29,19,weekday,36.01,403.5,6.5,2026-02-03 19:00:00,1,0,36.01,18.05,suburban
29,20,weekday,57.87,378.4,14.939,2026-02-03 20:00:00,1,0,57.87,25.81,suburban
29,21,weekday,75.56,319.7,25.802,2026-02-03 21:00:00,1,0,75.56,34.15,motorway
29,22,weekday,83.58,186.5,34.851,2026-02-03 22:00:00,1,0,83.58,41.7,motorway
29,23,weekday,0.0,0.0,0.656,2026-02-03 23:00:00,1,0,0.0,,parked
30,0,weekday,0.0,0.0,0.572,2026-02-04 00:00:00,2,0,0.0,,parked
30,1,weekday,0.0,0.0,0.522,2026-02-04 01:00:00,2,0,0.0,,parked
30,2,weekday,0.0,0.0,0.651,2026-02-04 02:00:00,2,0,0.0,,parked
30,3,weekday,0.0,0.0,0.674,2026-02-04 03:00:00,2,0,0.0,,parked
30,4,weekday,0.0,0.0,0.703,2026-02-04 04:00:00,2,0,0.0,,parked
30,5,weekday,87.03,1200.0,42.448,2026-02-04 05:00:00,2,0,87.03,48.77,motorway
30,6,weekday,77.57,1181.7,35.292,2026-02-04 06:00:00,2,0,77.57,45.5,motorway
30,7,weekday,57.53,1103.1,15.97,2026-02-04 07:00:00,2,0,57.53,27.76,suburban
30,8,weekday,35.89,1034.0,9.572,2026-02-04 08:00:00,2,0,35.89,26.67,suburban
30,9,weekday,37.58,1007.4,8.756,2026-02-04 09:00:00,2,0,37.58,23.3,suburban
30,10,weekday,55.11,926.2,16.253,2026-02-04 10:00:00,2,0,55.11,29.49,suburban
30,11,weekday,74.6,849.7,32.085,2026-02-04 11:00:00,2,0,74.6,43.01,motorway
30,12,weekday,84.72,782.8,33.793,2026-02-04 12:00:00,2,0,84.72,39.89,motorway
30,13,weekday,87.81,741.5,42.645,2026-02-04 13:00:00,2,0,87.81,48.57,motorway
30,14,weekday,81.87,724.5,30.112,2026-02-04 14:00:00,2,0,81.87,36.78,motorway
30,15,weekday,72.81,657.8,24.241,2026-02-04 15:00:00,2,0,72.81,33.29,motorway
30,16,weekday,55.57,569.5,10.976,2026-02-04 16:00:00,2,0,55.57,19.75,suburban
30,17,weekday,36.59,527.4,7.016,2026-02-04 17:00:00,2,0,36.59,19.17,suburban
30,18,weekday,27.68,454.8,5.057,2026-02-04 18:00:00,2,0,27.68,18.27,urban
30,19,weekday,36.45,359.0,5.927,2026-02-04 19:00:00,2,0,36.45,16.26,suburban
30,20,weekday,55.4,348.2,13.533,2026-02-04 20:00:00,2,0,55.4,24.43,suburban
30,21,weekday,76.63,231.1,22.671,2026-02-04 21:00:00,2,0,76.63,29.59,motorway
30,22,weekday,81.68,188.8,31.71,2026-02-04 22:00:00,2,0,81.68,38.82,motorway
30,23,weekday,0.0,0.0,0.577,2026-02-04 23:00:00,2,0,0.0,,parked
31,0,weekday,0.0,0.0,0.524,2026-02-05 00:00:00,3,0,0.0,,parked
31,1,weekday,0.0,0.0,0.501,2026-02-05 01:00:00,3,0,0.0,,parked
31,2,weekday,0.0,0.0,0.592,2026-02-05 02:00:00,3,0,0.0,,parked
31,3,weekday,0.0,0.0,0.612,2026-02-05 03:00:00,3,0,0.0,,parked
31,4,weekday,0.0,0.0,0.648,2026-02-05 04:00:00,3,0,0.0,,parked
31,5,weekday,87.69,1200.0,38.612,2026-02-05 05:00:00,3,0,87.69,44.03,motorway
31,6,weekday,77.18,1200.0,28.578,2026-02-05 06:00:00,3,0,77.18,37.03,motorway
31,7,weekday,57.14,1200.0,12.66,2026-02-05 07:00:00,3,0,57.14,22.16,suburban
31,8,weekday,34.42,1118.8,7.07,2026-02-05 08:00:00,3,0,34.42,20.54,suburban
31,9,weekday,35.1,1106.6,5.148,2026-02-05 09:00:00,3,0,35.1,14.67,suburban
31,10,weekday,54.91,1012.1,10.11,2026-02-05 10:00:00,3,0,54.91,18.41,suburban
31,11,weekday,78.03,955.7,25.949,2026-02-05 11:00:00,3,0,78.03,33.26,motorway
31,12,weekday,84.01,895.4,28.864,2026-02-05 12:00:00,3,0,84.01,34.36,motorway
31,13,weekday,88.19,814.9,37.503,2026-02-05 13:00:00,3,0,88.19,42.53,motorway
31,14,weekday,78.6,749.2,29.601,2026-02-05 14:00:00,3,0,78.6,37.66,motorway
31,15,weekday,74.1,674.1,23.124,2026-02-05 15:00:00,3,0,74.1,31.21,motorway
31,16,weekday,55.74,610.3,14.292,2026-02-05 16:00:00,3,0,55.74,25.64,suburban
31,17,weekday,34.95,544.0,8.108,2026-02-05 17:00:00,3,0,34.95,23.2,suburban
31,18,weekday,28.27,461.2,5.441,2026-02-05 18:00:00,3,0,28.27,19.25,urban
31,19,weekday,36.33,442.2,5.212,2026-02-05 19:00:00,3,0,36.33,14.35,suburban
31,20,weekday,53.68,372.3,9.074,2026-02-05 20:00:00,3,0,53.68,16.9,suburban
31,21,weekday,72.43,251.3,17.266,2026-02-05 21:00:00,3,0,72.43,23.84,motorway
31,22,weekday,85.01,185.6,35.122,2026-02-05 22:00:00,3,0,85.01,41.32,motorway
31,23,weekday,0.0,0.0,0.536,2026-02-05 23:00:00,3,0,0.0,,parked
32,0,weekday,0.0,0.0,0.535,2026-02-06 00:00:00,4,0,0.0,,parked
32,1,weekday,0.0,0.0,0.599,2026-02-06 01:00:00,4,0,0.0,,parked
32,2,weekday,0.0,0.0,0.568,2026-02-06 02:00:00,4,0,0.0,,parked
32,3,weekday,0.0,0.0,0.631,2026-02-06 03:00:00,4,0,0.0,,parked
32,4,weekday,0.0,0.0,0.619,2026-02-06 04:00:00,4,0,0.0,,parked
32,5,weekday,86.04,1200.0,40.429,2026-02-06 05:00:00,4,0,86.04,46.99,motorway
32,6,weekday,74.2,1200.0,27.182,2026-02-06 06:00:00,4,0,74.2,36.63,motorway
32,7,weekday,55.42,1200.0,15.919,2026-02-06 07:00:00,4,0,55.42,28.72,suburban
32,8,weekday,36.61,1200.0,8.605,2026-02-06 08:00:00,4,0,36.61,23.5,suburban
32,9,weekday,35.21,1200.0,9.204,2026-02-06 09:00:00,4,0,35.21,26.14,suburban
32,10,weekday,55.76,1200.0,14.504,2026-02-06 10:00:00,4,0,55.76,26.01,suburban
32,11,weekday,75.61,1122.9,33.91,2026-02-06 11:00:00,4,0,75.61,44.85,motorway
32,12,weekday,85.45,1033.6,39.728,2026-02-06 12:00:00,4,0,85.45,46.49,motorway
32,13,weekday,85.74,983.5,36.3,2026-02-06 13:00:00,4,0,85.74,42.34,motorway
32,14,weekday,82.12,896.4,31.725,2026-02-06 14:00:00,4,0,82.12,38.63,motorway
32,15,weekday,72.65,806.4,23.086,2026-02-06 15:00:00,4,0,72.65,31.78,motorway
32,16,weekday,57.09,732.9,13.493,2026-02-06 16:00:00,4,0,57.09,23.63,suburban
32,17,weekday,36.74,670.4,5.725,2026-02-06 17:00:00,4,0,36.74,15.58,suburban
32,18,weekday,25.94,543.7,5.242,2026-02-06 18:00:00,4,0,25.94,20.21,urban
32,19,weekday,35.78,477.1,5.923,2026-02-06 19:00:00,4,0,35.78,16.55,suburban
32,20,weekday,56.81,412.5,11.631,2026-02-06 20:00:00,4,0,56.81,20.47,suburban
32,21,weekday,73.49,331.5,14.34,2026-02-06 21:00:00,4,0,73.49,19.51,motorway
32,22,weekday,82.75,275.3,25.643,2026-02-06 22:00:00,4,0,82.75,30.99,motorway
32,23,weekday,0.0,0.0,0.749,2026-02-06 23:00:00,4,0,0.0,,parked
33,0,weekend,0.0,0.0,0.599,2026-02-07 00:00:00,5,1,0.0,,parked
33,1,weekend,0.0,0.0,0.588,2026-02-07 01:00:00,5,1,0.0,,parked
33,2,weekend,0.0,0.0,0.613,2026-02-07 02:00:00,5,1,0.0,,parked
33,3,weekend,0.0,0.0,0.685,2026-02-07 03:00:00,5,1,0.0,,parked
33,4,weekend,0.0,0.0,0.675,2026-02-07 04:00:00,5,1,0.0,,parked
33,5,weekend,87.06,505.5,32.964,2026-02-07 05:00:00,5,1,87.06,37.86,motorway
33,6,weekend,83.05,453.9,29.47,2026-02-07 06:00:00,5,1,83.05,35.48,motorway
33,7,weekend,79.79,470.4,31.525,2026-02-07 07:00:00,5,1,79.79,39.51,motorway
33,8,weekend,73.34,448.7,23.733,2026-02-07 08:00:00,5,1,73.34,32.36,motorway
33,9,weekend,67.89,374.9,17.664,2026-02-07 09:00:00,5,1,67.89,26.02,motorway
33,10,weekend,61.81,429.3,15.952,2026-02-07 10:00:00,5,1,61.81,25.81,motorway
33,11,weekend,60.3,374.2,14.454,2026-02-07 11:00:00,5,1,60.3,23.97,motorway
33,12,weekend,55.23,305.5,11.792,2026-02-07 12:00:00,5,1,55.23,21.35,suburban
33,13,weekend,57.09,249.7,10.034,2026-02-07 13:00:00,5,1,57.09,17.58,suburban
33,14,weekend,53.63,277.9,10.254,2026-02-07 14:00:00,5,1,53.63,19.12,suburban
33,15,weekend,53.2,268.2,11.313,2026-02-07 15:00:00,5,1,53.2,21.27,suburban
33,16,weekend,51.41,223.7,10.623,2026-02-07 16:00:00,5,1,51.41,20.66,suburban
33,17,weekend,51.69,204.8,10.587,2026-02-07 17:00:00,5,1,51.69,20.48,suburban
33,18,weekend,58.35,147.6,13.323,2026-02-07 18:00:00,5,1,58.35,22.83,suburban
33,19,weekend,66.71,163.4,15.845,2026-02-07 19:00:00,5,1,66.71,23.75,motorway
33,20,weekend,77.73,112.0,19.225,2026-02-07 20:00:00,5,1,77.73,24.73,motorway
33,21,weekend,83.84,98.6,22.547,2026-02-07 21:00:00,5,1,83.84,26.89,motorway
33,22,weekend,84.81,111.4,28.158,2026-02-07 22:00:00,5,1,84.81,33.2,motorway
33,23,weekend,0.0,0.0,0.642,2026-02-07 23:00:00,5,1,0.0,,parked
34,0,weekend,0.0,0.0,0.637,2026-02-08 00:00:00,6,1,0.0,,parked
34,1,weekend,0.0,0.0,0.606,2026-02-08 01:00:00,6,1,0.0,,parked
34,2,weekend,0.0,0.0,0.597,2026-02-08 02:00:00,6,1,0.0,,parked
34,3,weekend,0.0,0.0,0.593,2026-02-08 03:00:00,6,1,0.0,,parked
34,4,weekend,0.0,0.0,0.733,2026-02-08 04:00:00,6,1,0.0,,parked
34,5,weekend,86.6,992.4,29.848,2026-02-08 05:00:00,6,1,86.6,34.47,motorway
34,6,weekend,85.21,992.0,30.472,2026-02-08 06:00:00,6,1,85.21,35.76,motorway
34,7,weekend,75.92,882.1,23.162,2026-02-08 07:00:00,6,1,75.92,30.51,motorway
34,8,weekend,73.45,899.3,21.687,2026-02-08 08:00:00,6,1,73.45,29.53,motorway
34,9,weekend,67.96,812.8,17.931,2026-02-08 09:00:00,6,1,67.96,26.38,motorway
34,10,weekend,63.62,779.0,20.449,2026-02-08 10:00:00,6,1,63.62,32.14,motorway
34,11,weekend,60.67,707.7,11.933,2026-02-08 11:00:00,6,1,60.67,19.67,motorway
34,12,weekend,56.46,673.2,10.639,2026-02-08 12:00:00,6,1,56.46,18.84,suburban
34,13,weekend,59.85,586.2,12.779,2026-02-08 13:00:00,6,1,59.85,21.35,suburban
34,14,weekend,53.77,561.2,10.008,2026-02-08 14:00:00,6,1,53.77,18.61,suburban
34,15,weekend,51.05,550.3,12.243,2026-02-08 15:00:00,6,1,51.05,23.98,suburban
34,16,weekend,50.56,458.1,12.139,2026-02-08 16:00:00,6,1,50.56,24.01,suburban
34,17,weekend,53.39,392.1,13.353,2026-02-08 17:00:00,6,1,53.39,25.01,suburban
34,18,weekend,62.79,355.0,18.731,2026-02-08 18:00:00,6,1,62.79,29.83,motorway
34,19,weekend,68.4,279.4,18.321,2026-02-08 19:00:00,6,1,68.4,26.79,motorway
34,20,weekend,78.57,259.3,28.858,2026-02-08 20:00:00,6,1,78.57,36.73,motorway
34,21,weekend,84.56,202.7,38.27,2026-02-08 21:00:00,6,1,84.56,45.26,motorway
34,22,weekend,84.39,128.7,35.17,2026-02-08 22:00:00,6,1,84.39,41.68,motorway
34,23,weekend,0.0,0.0,0.608,2026-02-08 23:00:00,6,1,0.0,,parked
35,0,weekday,0.0,0.0,0.487,2026-02-09 00:00:00,0,0,0.0,,parked
35,1,weekday,0.0,0.0,0.544,2026-02-09 01:00:00,0,0,0.0,,parked
35,2,weekday,0.0,0.0,0.636,2026-02-09 02:00:00,0,0,0.0,,parked
35,3,weekday,0.0,0.0,0.663,2026-02-09 03:00:00,0,0,0.0,,parked
35,4,weekday,0.0,0.0,0.665,2026-02-09 04:00:00,0,0,0.0,,parked
35,5,weekday,85.72,1200.0,35.801,2026-02-09 05:00:00,0,0,85.72,41.77,motorway
35,6,weekday,78.22,1200.0,23.825,2026-02-09 06:00:00,0,0,78.22,30.46,motorway
35,7,weekday,58.71,1200.0,13.578,2026-02-09 07:00:00,0,0,58.71,23.13,suburban
35,8,weekday,35.48,1200.0,6.158,2026-02-09 08:00:00,0,0,35.48,17.36,suburban
35,9,weekday,35.87,1142.9,6.847,2026-02-09 09:00:00,0,0,35.87,19.09,suburban
35,10,weekday,56.99,1095.1,12.187,2026-02-09 10:00:00,0,0,56.99,21.38,suburban
35,11,weekday,76.46,985.0,21.975,2026-02-09 11:00:00,0,0,76.46,28.74,motorway
35,12,weekday,85.13,912.4,31.742,2026-02-09 12:00:00,0,0,85.13,37.29,motorway
35,13,weekday,85.85,868.3,35.658,2026-02-09 13:00:00,0,0,85.85,41.54,motorway
35,14,weekday,85.03,807.0,33.285,2026-02-09 14:00:00,0,0,85.03,39.15,motorway
35,15,weekday,72.92,706.5,20.868,2026-02-09 15:00:00,0,0,72.92,28.62,motorway
35,16,weekday,54.92,630.5,12.376,2026-02-09 16:00:00,0,0,54.92,22.53,suburban
35,17,weekday,36.88,621.9,7.807,2026-02-09 17:00:00,0,0,36.88,21.17,suburban
35,18,weekday,28.01,506.0,6.349,2026-02-09 18:00:00,0,0,28.01,22.67,urban
35,19,weekday,35.31,446.5,7.801,2026-02-09 19:00:00,0,0,35.31,22.09,suburban
35,20,weekday,56.79,383.1,12.545,2026-02-09 20:00:00,0,0,56.79,22.09,suburban
35,21,weekday,70.45,261.0,21.816,2026-02-09 21:00:00,0,0,70.45,30.97,motorway
35,22,weekday,81.26,219.2,25.001,2026-02-09 22:00:00,0,0,81.26,30.77,motorway
35,23,weekday,0.0,0.0,0.661,2026-02-09 23:00:00,0,0,0.0,,parked
36,0,weekday,0.0,0.0,0.599,2026-02-10 00:00:00,1,0,0.0,,parked
36,1,weekday,0.0,0.0,0.535,2026-02-10 01:00:00,1,0,0.0,,parked
36,2,weekday,0.0,0.0,0.55,2026-02-10 02:00:00,1,0,0.0,,parked
36,3,weekday,0.0,0.0,0.569,2026-02-10 03:00:00,1,0,0.0,,parked
36,4,weekday,0.0,0.0,0.648,2026-02-10 04:00:00,1,0,0.0,,parked
36,5,weekday,86.43,875.5,45.123,2026-02-10 05:00:00,1,0,86.43,52.21,motorway
36,6,weekday,78.21,849.6,37.237,2026-02-10 06:00:00,1,0,78.21,47.61,motorway
36,7,weekday,56.65,780.3,17.845,2026-02-10 07:00:00,1,0,56.65,31.5,suburban
36,8,weekday,37.28,793.7,9.982,2026-02-10 08:00:00,1,0,37.28,26.78,suburban
36,9,weekday,36.58,703.3,8.595,2026-02-10 09:00:00,1,0,36.58,23.5,suburban
36,10,weekday,54.58,678.5,14.656,2026-02-10 10:00:00,1,0,54.58,26.85,suburban
36,11,weekday,77.42,631.9,30.953,2026-02-10 11:00:00,1,0,77.42,39.98,motorway
36,12,weekday,85.93,567.7,36.904,2026-02-10 12:00:00,1,0,85.93,42.95,motorway
36,13,weekday,85.41,538.5,34.713,2026-02-10 13:00:00,1,0,85.41,40.64,motorway
36,14,weekday,81.21,518.0,32.686,2026-02-10 14:00:00,1,0,81.21,40.25,motorway
36,15,weekday,76.0,444.1,33.22,2026-02-10 15:00:00,1,0,76.0,43.71,motorway
36,16,weekday,56.02,395.2,14.277,2026-02-10 16:00:00,1,0,56.02,25.49,suburban
36,17,weekday,36.41,393.9,7.574,2026-02-10 17:00:00,1,0,36.41,20.8,suburban
36,18,weekday,26.64,321.9,5.852,2026-02-10 18:00:00,1,0,26.64,21.97,urban
36,19,weekday,35.42,322.2,6.252,2026-02-10 19:00:00,1,0,35.42,17.65,suburban
36,20,weekday,54.59,222.9,11.036,2026-02-10 20:00:00,1,0,54.59,20.22,suburban
36,21,weekday,74.05,166.3,21.658,2026-02-10 21:00:00,1,0,74.05,29.25,motorway
36,22,weekday,81.99,116.0,21.916,2026-02-10 22:00:00,1,0,81.99,26.73,motorway
36,23,weekday,0.0,0.0,0.659,2026-02-10 23:00:00,1,0,0.0,,parked
37,0,weekday,0.0,0.0,0.477,2026-02-11 00:00:00,2,0,0.0,,parked
37,1,weekday,0.0,0.0,0.573,2026-02-11 01:00:00,2,0,0.0,,parked
37,2,weekday,0.0,0.0,0.604,2026-02-11 02:00:00,2,0,0.0,,parked
37,3,weekday,0.0,0.0,0.551,2026-02-11 03:00:00,2,0,0.0,,parked
37,4,weekday,0.0,0.0,0.715,2026-02-11 04:00:00,2,0,0.0,,parked
37,5,weekday,83.49,1193.6,31.672,2026-02-11 05:00:00,2,0,83.49,37.94,motorway
37,6,weekday,74.59,1124.1,23.56,2026-02-11 06:00:00,2,0,74.59,31.59,motorway
37,7,weekday,54.69,1089.6,15.363,2026-02-11 07:00:00,2,0,54.69,28.09,suburban
37,8,weekday,35.15,1051.7,6.264,2026-02-11 08:00:00,2,0,35.15,17.82,suburban
37,9,weekday,37.2,964.4,7.275,2026-02-11 09:00:00,2,0,37.2,19.56,suburban
37,10,weekday,55.94,919.5,13.707,2026-02-11 10:00:00,2,0,55.94,24.5,suburban
37,11,weekday,75.78,850.1,26.552,2026-02-11 11:00:00,2,0,75.78,35.04,motorway
37,12,weekday,83.77,808.9,36.115,2026-02-11 12:00:00,2,0,83.77,43.11,motorway
37,13,weekday,88.23,772.6,36.272,2026-02-11 13:00:00,2,0,88.23,41.11,motorway
37,14,weekday,83.02,634.0,28.516,2026-02-11 14:00:00,2,0,83.02,34.35,motorway
37,15,weekday,72.15,588.3,24.447,2026-02-11 15:00:00,2,0,72.15,33.88,motorway
37,16,weekday,53.46,537.0,15.828,2026-02-11 16:00:00,2,0,53.46,29.61,suburban
37,17,weekday,37.88,475.6,7.542,2026-02-11 17:00:00,2,0,37.88,19.91,suburban
37,18,weekday,29.11,442.8,6.103,2026-02-11 18:00:00,2,0,29.11,20.97,urban
37,19,weekday,35.3,369.2,7.473,2026-02-11 19:00:00,2,0,35.3,21.17,suburban
37,20,weekday,56.14,286.4,13.441,2026-02-11 20:00:00,2,0,56.14,23.94,suburban
37,21,weekday,73.32,265.6,26.504,2026-02-11 21:00:00,2,0,73.32,36.15,motorway
37,22,weekday,84.37,174.6,31.207,2026-02-11 22:00:00,2,0,84.37,36.99,motorway
37,23,weekday,0.0,0.0,0.707,2026-02-11 23:00:00,2,0,0.0,,parked
38,0,weekday,0.0,0.0,0.507,2026-02-12 00:00:00,3,0,0.0,,parked
38,1,weekday,0.0,0.0,0.638,2026-02-12 01:00:00,3,0,0.0,,parked
38,2,weekday,0.0,0.0,0.605,2026-02-12 02:00:00,3,0,0.0,,parked
38,3,weekday,0.0,0.0,0.624,2026-02-12 03:00:00,3,0,0.0,,parked
38,4,weekday,0.0,0.0,0.639,2026-02-12 04:00:00,3,0,0.0,,parked
38,5,weekday,85.05,1083.1,29.725,2026-02-12 05:00:00,3,0,85.05,34.95,motorway
38,6,weekday,74.93,1051.5,15.927,2026-02-12 06:00:00,3,0,74.93,21.26,motorway
38,7,weekday,55.86,1012.8,11.497,2026-02-12 07:00:00,3,0,55.86,20.58,suburban
38,8,weekday,37.42,908.8,6.429,2026-02-12 08:00:00,3,0,37.42,17.18,suburban
38,9,weekday,37.07,861.2,4.916,2026-02-12 09:00:00,3,0,37.07,13.26,suburban
38,10,weekday,56.87,805.1,11.325,2026-02-12 10:00:00,3,0,56.87,19.91,suburban
38,11,weekday,77.53,769.5,19.782,2026-02-12 11:00:00,3,0,77.53,25.52,motorway
38,12,weekday,85.53,717.3,29.306,2026-02-12 12:00:00,3,0,85.53,34.26,motorway
38,13,weekday,87.88,713.7,33.274,2026-02-12 13:00:00,3,0,87.88,37.86,motorway
38,14,weekday,83.95,577.5,29.427,2026-02-12 14:00:00,3,0,83.95,35.05,motorway
38,15,weekday,74.01,539.8,22.295,2026-02-12 15:00:00,3,0,74.01,30.12,motorway
38,16,weekday,56.93,485.7,13.887,2026-02-12 16:00:00,3,0,56.93,24.39,suburban
38,17,weekday,37.74,402.5,7.858,2026-02-12 17:00:00,3,0,37.74,20.82,suburban
38,18,weekday,29.17,398.5,6.967,2026-02-12 18:00:00,3,0,29.17,23.88,urban
38,19,weekday,36.68,312.5,7.28,2026-02-12 19:00:00,3,0,36.68,19.85,suburban
38,20,weekday,55.58,233.9,13.389,2026-02-12 20:00:00,3,0,55.58,24.09,suburban
38,21,weekday,72.62,212.4,24.012,2026-02-12 21:00:00,3,0,72.62,33.07,motorway
38,22,weekday,80.48,156.0,26.972,2026-02-12 22:00:00,3,0,80.48,33.51,motorway
38,23,weekday,0.0,0.0,0.664,2026-02-12 23:00:00,3,0,0.0,,parked
39,0,weekday,0.0,0.0,0.563,2026-02-13 00:00:00,4,0,0.0,,parked
39,1,weekday,0.0,0.0,0.524,2026-02-13 01:00:00,4,0,0.0,,parked
39,2,weekday,0.0,0.0,0.606,2026-02-13 02:00:00,4,0,0.0,,parked
39,3,weekday,0.0,0.0,0.585,2026-02-13 03:00:00,4,0,0.0,,parked
39,4,weekday,0.0,0.0,0.536,2026-02-13 04:00:00,4,0,0.0,,parked
39,5,weekday,84.75,1101.5,33.99,2026-02-13 05:00:00,4,0,84.75,40.11,motorway
39,6,weekday,73.24,1070.1,22.566,2026-02-13 06:00:00,4,0,73.24,30.81,motorway
39,7,weekday,54.53,1010.3,14.203,2026-02-13 07:00:00,4,0,54.53,26.05,suburban
39,8,weekday,35.65,948.5,6.763,2026-02-13 08:00:00,4,0,35.65,18.97,suburban
39,9,weekday,34.58,897.4,6.043,2026-02-13 09:00:00,4,0,34.58,17.48,suburban
39,10,weekday,56.03,822.1,13.698,2026-02-13 10:00:00,4,0,56.03,24.45,suburban
39,11,weekday,77.09,822.9,25.311,2026-02-13 11:00:00,4,0,77.09,32.83,motorway
39,12,weekday,85.95,728.8,31.919,2026-02-13 12:00:00,4,0,85.95,37.14,motorway
39,13,weekday,85.65,651.7,23.986,2026-02-13 13:00:00,4,0,85.65,28.0,motorway
39,14,weekday,81.32,628.7,24.76,2026-02-13 14:00:00,4,0,81.32,30.45,motorway
39,15,weekday,72.65,523.8,16.763,2026-02-13 15:00:00,4,0,72.65,23.07,motorway
39,16,weekday,56.87,490.6,13.136,2026-02-13 16:00:00,4,0,56.87,23.1,suburban
39,17,weekday,34.71,463.0,5.743,2026-02-13 17:00:00,4,0,34.71,16.55,suburban
39,18,weekday,27.94,348.8,4.242,2026-02-13 18:00:00,4,0,27.94,15.18,urban
39,19,weekday,36.04,314.5,5.897,2026-02-13 19:00:00,4,0,36.04,16.36,suburban
39,20,weekday,57.05,283.2,13.651,2026-02-13 20:00:00,4,0,57.05,23.93,suburban
39,21,weekday,72.87,245.7,18.892,2026-02-13 21:00:00,4,0,72.87,25.93,motorway
39,22,weekday,83.48,175.9,37.201,2026-02-13 22:00:00,4,0,83.48,44.56,motorway
39,23,weekday,0.0,0.0,0.664,2026-02-13 23:00:00,4,0,0.0,,parked
40,0,weekend,0.0,0.0,0.54,2026-02-14 00:00:00,5,1,0.0,,parked
40,1,weekend,0.0,0.0,0.507,2026-02-14 01:00:00,5,1,0.0,,parked
40,2,weekend,0.0,0.0,0.556,2026-02-14 02:00:00,5,1,0.0,,parked
40,3,weekend,0.0,0.0,0.611,2026-02-14 03:00:00,5,1,0.0,,parked
40,4,weekend,0.0,0.0,0.793,2026-02-14 04:00:00,5,1,0.0,,parked
40,5,weekend,86.28,355.9,43.885,2026-02-14 05:00:00,5,1,86.28,50.86,motorway
40,6,weekend,83.27,364.8,32.856,2026-02-14 06:00:00,5,1,83.27,39.46,motorway
40,7,weekend,77.65,341.1,32.502,2026-02-14 07:00:00,5,1,77.65,41.86,motorway
40,8,weekend,76.77,292.0,28.751,2026-02-14 08:00:00,5,1,76.77,37.45,motorway
40,9,weekend,68.06,306.2,19.55,2026-02-14 09:00:00,5,1,68.06,28.72,motorway
40,10,weekend,61.01,244.9,13.843,2026-02-14 10:00:00,5,1,61.01,22.69,motorway
40,11,weekend,61.58,216.5,18.808,2026-02-14 11:00:00,5,1,61.58,30.54,motorway
40,12,weekend,55.67,230.1,16.04,2026-02-14 12:00:00,5,1,55.67,28.81,suburban
40,13,weekend,54.96,230.2,12.067,2026-02-14 13:00:00,5,1,54.96,21.96,suburban
40,14,weekend,56.58,200.2,13.9,2026-02-14 14:00:00,5,1,56.58,24.57,suburban
40,15,weekend,53.53,207.9,14.706,2026-02-14 15:00:00,5,1,53.53,27.47,suburban
40,16,weekend,51.74,168.8,13.537,2026-02-14 16:00:00,5,1,51.74,26.16,suburban
40,17,weekend,51.1,126.2,11.897,2026-02-14 17:00:00,5,1,51.1,23.28,suburban
40,18,weekend,61.5,126.3,18.301,2026-02-14 18:00:00,5,1,61.5,29.76,motorway
40,19,weekend,67.66,120.9,21.312,2026-02-14 19:00:00,5,1,67.66,31.5,motorway
40,20,weekend,77.15,67.0,30.855,2026-02-14 20:00:00,5,1,77.15,39.99,motorway
40,21,weekend,81.85,81.6,38.951,2026-02-14 21:00:00,5,1,81.85,47.59,motorway
40,22,weekend,86.3,26.6,34.196,2026-02-14 22:00:00,5,1,86.3,39.62,motorway
40,23,weekend,0.0,0.0,0.642,2026-02-14 23:00:00,5,1,0.0,,parked
41,0,weekend,0.0,0.0,0.553,2026-02-15 00:00:00,6,1,0.0,,parked
41,1,weekend,0.0,0.0,0.595,2026-02-15 01:00:00,6,1,0.0,,parked
41,2,weekend,0.0,0.0,0.589,2026-02-15 02:00:00,6,1,0.0,,parked
41,3,weekend,0.0,0.0,0.546,2026-02-15 03:00:00,6,1,0.0,,parked
41,4,weekend,0.0,0.0,0.77,2026-02-15 04:00:00,6,1,0.0,,parked
41,5,weekend,84.2,572.9,29.835,2026-02-15 05:00:00,6,1,84.2,35.43,motorway
41,6,weekend,83.63,599.7,35.594,2026-02-15 06:00:00,6,1,83.63,42.56,motorway
41,7,weekend,78.02,562.1,29.087,2026-02-15 07:00:00,6,1,78.02,37.28,motorway
41,8,weekend,73.35,516.7,27.842,2026-02-15 08:00:00,6,1,73.35,37.96,motorway
41,9,weekend,69.01,477.7,21.284,2026-02-15 09:00:00,6,1,69.01,30.84,motorway
41,10,weekend,64.56,437.6,22.554,2026-02-15 10:00:00,6,1,64.56,34.93,motorway
41,11,weekend,57.76,443.3,13.473,2026-02-15 11:00:00,6,1,57.76,23.33,suburban
41,12,weekend,57.61,388.2,16.749,2026-02-15 12:00:00,6,1,57.61,29.07,suburban
41,13,weekend,55.68,376.6,15.527,2026-02-15 13:00:00,6,1,55.68,27.89,suburban
41,14,weekend,54.62,359.7,14.563,2026-02-15 14:00:00,6,1,54.62,26.66,suburban
41,15,weekend,50.28,311.7,12.475,2026-02-15 15:00:00,6,1,50.28,24.81,suburban
41,16,weekend,51.82,278.9,12.641,2026-02-15 16:00:00,6,1,51.82,24.39,suburban
41,17,weekend,50.07,248.3,11.116,2026-02-15 17:00:00,6,1,50.07,22.2,suburban
41,18,weekend,57.33,224.2,16.735,2026-02-15 18:00:00,6,1,57.33,29.19,suburban
41,19,weekend,67.92,187.3,22.871,2026-02-15 19:00:00,6,1,67.92,33.67,motorway
41,20,weekend,76.5,134.9,21.457,2026-02-15 20:00:00,6,1,76.5,28.05,motorway
41,21,weekend,84.14,156.8,29.094,2026-02-15 21:00:00,6,1,84.14,34.58,motorway
41,22,weekend,89.27,82.0,29.647,2026-02-15 22:00:00,6,1,89.27,33.21,motorway
41,23,weekend,0.0,0.0,0.694,2026-02-15 23:00:00,6,1,0.0,,parked
42,0,weekday,0.0,0.0,0.62,2026-02-16 00:00:00,0,0,0.0,,parked
42,1,weekday,0.0,0.0,0.602,2026-02-16 01:00:00,0,0,0.0,,parked
42,2,weekday,0.0,0.0,0.656,2026-02-16 02:00:00,0,0,0.0,,parked
42,3,weekday,0.0,0.0,0.624,2026-02-16 03:00:00,0,0,0.0,,parked
42,4,weekday,0.0,0.0,0.642,2026-02-16 04:00:00,0,0,0.0,,parked
42,5,weekday,84.84,1200.0,32.255,2026-02-16 05:00:00,0,0,84.84,38.02,motorway
42,6,weekday,75.58,1200.0,26.818,2026-02-16 06:00:00,0,0,75.58,35.48,motorway
42,7,weekday,55.51,1200.0,16.959,2026-02-16 07:00:00,0,0,55.51,30.55,suburban
42,8,weekday,38.49,1200.0,8.135,2026-02-16 08:00:00,0,0,38.49,21.14,suburban
42,9,weekday,36.41,1200.0,9.81,2026-02-16 09:00:00,0,0,36.41,26.94,suburban
42,10,weekday,56.26,1200.0,14.234,2026-02-16 10:00:00,0,0,56.26,25.3,suburban
42,11,weekday,78.6,1200.0,25.937,2026-02-16 11:00:00,0,0,78.6,33.0,motorway
42,12,weekday,87.8,1200.0,29.694,2026-02-16 12:00:00,0,0,87.8,33.82,motorway
42,13,weekday,84.2,1144.5,27.861,2026-02-16 13:00:00,0,0,84.2,33.09,motorway
42,14,weekday,82.97,1051.6,33.571,2026-02-16 14:00:00,0,0,82.97,40.46,motorway
42,15,weekday,74.12,942.5,28.18,2026-02-16 15:00:00,0,0,74.12,38.02,motorway
42,16,weekday,58.51,818.9,16.292,2026-02-16 16:00:00,0,0,58.51,27.84,suburban
42,17,weekday,37.18,735.4,7.978,2026-02-16 17:00:00,0,0,37.18,21.46,suburban
42,18,weekday,25.63,651.2,5.207,2026-02-16 18:00:00,0,0,25.63,20.32,urban
42,19,weekday,36.79,567.8,6.239,2026-02-16 19:00:00,0,0,36.79,16.96,suburban
42,20,weekday,52.74,437.8,12.783,2026-02-16 20:00:00,0,0,52.74,24.24,suburban
42,21,weekday,73.96,358.3,19.262,2026-02-16 21:00:00,0,0,73.96,26.04,motorway
42,22,weekday,83.76,281.7,23.364,2026-02-16 22:00:00,0,0,83.76,27.89,motorway
42,23,weekday,0.0,0.0,0.638,2026-02-16 23:00:00,0,0,0.0,,parked
43,0,weekday,0.0,0.0,0.615,2026-02-17 00:00:00,1,0,0.0,,parked
43,1,weekday,0.0,0.0,0.561,2026-02-17 01:00:00,1,0,0.0,,parked
43,2,weekday,0.0,0.0,0.525,2026-02-17 02:00:00,1,0,0.0,,parked
43,3,weekday,0.0,0.0,0.586,2026-02-17 03:00:00,1,0,0.0,,parked
43,4,weekday,0.0,0.0,0.675,2026-02-17 04:00:00,1,0,0.0,,parked
43,5,weekday,83.7,1200.0,26.631,2026-02-17 05:00:00,1,0,83.7,31.82,motorway
43,6,weekday,75.46,1200.0,21.607,2026-02-17 06:00:00,1,0,75.46,28.63,motorway
43,7,weekday,57.35,1200.0,13.205,2026-02-17 07:00:00,1,0,57.35,23.03,suburban
43,8,weekday,36.46,1139.1,7.425,2026-02-17 08:00:00,1,0,36.46,20.36,suburban
43,9,weekday,34.17,1090.3,6.574,2026-02-17 09:00:00,1,0,34.17,19.24,suburban
43,10,weekday,56.87,1008.6,15.113,2026-02-17 10:00:00,1,0,56.87,26.57,suburban
43,11,weekday,77.97,938.5,32.141,2026-02-17 11:00:00,1,0,77.97,41.22,motorway
43,12,weekday,86.26,879.0,36.857,2026-02-17 12:00:00,1,0,86.26,42.73,motorway
43,13,weekday,87.47,863.1,33.188,2026-02-17 13:00:00,1,0,87.47,37.94,motorway
43,14,weekday,82.23,729.2,33.476,2026-02-17 14:00:00,1,0,82.23,40.71,motorway
43,15,weekday,72.33,640.1,19.751,2026-02-17 15:00:00,1,0,72.33,27.31,motorway
43,16,weekday,56.58,660.6,10.854,2026-02-17 16:00:00,1,0,56.58,19.18,suburban
43,17,weekday,37.93,522.9,5.753,2026-02-17 17:00:00,1,0,37.93,15.17,suburban
43,18,weekday,27.05,466.7,4.635,2026-02-17 18:00:00,1,0,27.05,17.13,urban
43,19,weekday,35.84,399.1,4.632,2026-02-17 19:00:00,1,0,35.84,12.92,suburban
43,20,weekday,52.96,327.0,10.721,2026-02-17 20:00:00,1,0,52.96,20.24,suburban
43,21,weekday,73.92,267.4,22.538,2026-02-17 21:00:00,1,0,73.92,30.49,motorway
43,22,weekday,83.59,220.1,31.864,2026-02-17 22:00:00,1,0,83.59,38.12,motorway
43,23,weekday,0.0,0.0,0.557,2026-02-17 23:00:00,1,0,0.0,,parked
44,0,holiday,0.0,0.0,0.514,2026-02-18 00:00:00,2,0,0.0,,parked
44,1,holiday,0.0,0.0,0.586,2026-02-18 01:00:00,2,0,0.0,,parked
44,2,holiday,0.0,0.0,0.498,2026-02-18 02:00:00,2,0,0.0,,parked
44,3,holiday,0.0,0.0,0.533,2026-02-18 03:00:00,2,0,0.0,,parked
44,4,holiday,0.0,0.0,0.758,2026-02-18 04:00:00,2,0,0.0,,parked
44,5,holiday,85.12,477.6,35.159,2026-02-18 05:00:00,2,0,85.12,41.31,motorway
44,6,holiday,85.1,450.5,44.319,2026-02-18 06:00:00,2,0,85.1,52.08,motorway
44,7,holiday,85.09,406.3,35.599,2026-02-18 07:00:00,2,0,85.09,41.84,motorway
44,8,holiday,79.84,428.4,25.818,2026-02-18 08:00:00,2,0,79.84,32.34,motorway
44,9,holiday,77.17,383.0,23.962,2026-02-18 09:00:00,2,0,77.17,31.05,motorway
44,10,holiday,71.25,346.5,22.174,2026-02-18 10:00:00,2,0,71.25,31.12,motorway
44,11,holiday,73.47,344.3,22.357,2026-02-18 11:00:00,2,0,73.47,30.43,motorway
44,12,holiday,71.63,337.7,19.327,2026-02-18 12:00:00,2,0,71.63,26.98,motorway
44,13,holiday,73.14,321.7,20.975,2026-02-18 13:00:00,2,0,73.14,28.68,motorway
44,14,holiday,77.04,265.0,25.882,2026-02-18 14:00:00,2,0,77.04,33.6,motorway
44,15,holiday,77.91,259.2,26.224,2026-02-18 15:00:00,2,0,77.91,33.66,motorway
44,16,holiday,79.73,198.5,32.014,2026-02-18 16:00:00,2,0,79.73,40.15,motorway
44,17,holiday,82.85,222.3,29.736,2026-02-18 17:00:00,2,0,82.85,35.89,motorway
44,18,holiday,85.63,163.1,32.27,2026-02-18 18:00:00,2,0,85.63,37.69,motorway
44,19,holiday,86.82,151.2,33.175,2026-02-18 19:00:00,2,0,86.82,38.21,motorway
44,20,holiday,84.04,119.2,33.484,2026-02-18 20:00:00,2,0,84.04,39.84,motorway
44,21,holiday,86.61,108.7,30.504,2026-02-18 21:00:00,2,0,86.61,35.22,motorway
44,22,holiday,87.42,74.5,24.175,2026-02-18 22:00:00,2,0,87.42,27.65,motorway
44,23,holiday,0.0,0.0,0.625,2026-02-18 23:00:00,2,0,0.0,,parked
45,0,weekday,0.0,0.0,0.587,2026-02-19 00:00:00,3,0,0.0,,parked
45,1,weekday,0.0,0.0,0.64,2026-02-19 01:00:00,3,0,0.0,,parked
45,2,weekday,0.0,0.0,0.535,2026-02-19 02:00:00,3,0,0.0,,parked
45,3,weekday,0.0,0.0,0.709,2026-02-19 03:00:00,3,0,0.0,,parked
45,4,weekday,0.0,0.0,0.715,2026-02-19 04:00:00,3,0,0.0,,parked
45,5,weekday,84.0,1200.0,26.264,2026-02-19 05:00:00,3,0,84.0,31.27,motorway
45,6,weekday,77.23,1200.0,22.328,2026-02-19 06:00:00,3,0,77.23,28.91,motorway
45,7,weekday,56.9,1189.6,12.383,2026-02-19 07:00:00,3,0,56.9,21.76,suburban
45,8,weekday,37.31,1117.6,6.699,2026-02-19 08:00:00,3,0,37.31,17.95,suburban
45,9,weekday,34.84,1060.9,5.401,2026-02-19 09:00:00,3,0,34.84,15.5,suburban
45,10,weekday,54.33,952.7,9.03,2026-02-19 10:00:00,3,0,54.33,16.62,suburban
45,11,weekday,74.2,905.5,23.718,2026-02-19 11:00:00,3,0,74.2,31.96,motorway
45,12,weekday,85.79,879.1,28.961,2026-02-19 12:00:00,3,0,85.79,33.76,motorway
45,13,weekday,86.07,767.2,28.68,2026-02-19 13:00:00,3,0,86.07,33.32,motorway
45,14,weekday,81.32,712.1,16.416,2026-02-19 14:00:00,3,0,81.32,20.19,motorway
45,15,weekday,76.67,656.8,19.69,2026-02-19 15:00:00,3,0,76.67,25.68,motorway
45,16,weekday,55.27,593.4,8.803,2026-02-19 16:00:00,3,0,55.27,15.93,suburban
45,17,weekday,37.17,539.5,5.616,2026-02-19 17:00:00,3,0,37.17,15.11,suburban
45,18,weekday,29.0,466.7,5.04,2026-02-19 18:00:00,3,0,29.0,17.38,urban
45,19,weekday,34.45,371.1,5.073,2026-02-19 19:00:00,3,0,34.45,14.73,suburban
45,20,weekday,56.77,340.2,11.567,2026-02-19 20:00:00,3,0,56.77,20.38,suburban
45,21,weekday,73.35,290.5,20.159,2026-02-19 21:00:00,3,0,73.35,27.48,motorway
45,22,weekday,85.14,202.2,27.16,2026-02-19 22:00:00,3,0,85.14,31.9,motorway
45,23,weekday,0.0,0.0,0.66,2026-02-19 23:00:00,3,0,0.0,,parked
46,0,weekday,0.0,0.0,0.468,2026-02-20 00:00:00,4,0,0.0,,parked
46,1,weekday,0.0,0.0,0.563,2026-02-20 01:00:00,4,0,0.0,,parked
46,2,weekday,0.0,0.0,0.699,2026-02-20 02:00:00,4,0,0.0,,parked
46,3,weekday,0.0,0.0,0.605,2026-02-20 03:00:00,4,0,0.0,,parked
46,4,weekday,0.0,0.0,0.575,2026-02-20 04:00:00,4,0,0.0,,parked
46,5,weekday,87.01,1170.4,29.742,2026-02-20 05:00:00,4,0,87.01,34.18,motorway
46,6,weekday,78.64,1134.2,28.806,2026-02-20 06:00:00,4,0,78.64,36.63,motorway
46,7,weekday,55.25,1044.8,13.279,2026-02-20 07:00:00,4,0,55.25,24.03,suburban
46,8,weekday,33.91,974.3,6.684,2026-02-20 08:00:00,4,0,33.91,19.71,suburban
46,9,weekday,38.01,933.0,7.994,2026-02-20 09:00:00,4,0,38.01,21.03,suburban
46,10,weekday,56.07,902.1,15.54,2026-02-20 10:00:00,4,0,56.07,27.72,suburban
46,11,weekday,76.22,821.0,23.977,2026-02-20 11:00:00,4,0,76.22,31.46,motorway
46,12,weekday,84.37,746.5,31.551,2026-02-20 12:00:00,4,0,84.37,37.4,motorway
46,13,weekday,85.05,715.5,32.161,2026-02-20 13:00:00,4,0,85.05,37.81,motorway
46,14,weekday,81.86,662.7,28.895,2026-02-20 14:00:00,4,0,81.86,35.3,motorway
46,15,weekday,72.67,578.5,22.867,2026-02-20 15:00:00,4,0,72.67,31.47,motorway
46,16,weekday,56.98,537.8,18.379,2026-02-20 16:00:00,4,0,56.98,32.26,suburban
46,17,weekday,36.12,466.8,8.433,2026-02-20 17:00:00,4,0,36.12,23.35,suburban
46,18,weekday,29.75,421.3,6.916,2026-02-20 18:00:00,4,0,29.75,23.25,urban
46,19,weekday,39.16,358.3,8.032,2026-02-20 19:00:00,4,0,39.16,20.51,suburban
46,20,weekday,57.09,289.3,16.326,2026-02-20 20:00:00,4,0,57.09,28.6,suburban
46,21,weekday,73.58,209.5,22.908,2026-02-20 21:00:00,4,0,73.58,31.13,motorway
46,22,weekday,81.47,164.6,30.374,2026-02-20 22:00:00,4,0,81.47,37.28,motorway
46,23,weekday,0.0,0.0,0.634,2026-02-20 23:00:00,4,0,0.0,,parked
47,0,weekend,0.0,0.0,0.582,2026-02-21 00:00:00,5,1,0.0,,parked
47,1,weekend,0.0,0.0,0.532,2026-02-21 01:00:00,5,1,0.0,,parked
47,2,weekend,0.0,0.0,0.69,2026-02-21 02:00:00,5,1,0.0,,parked
47,3,weekend,0.0,0.0,0.591,2026-02-21 03:00:00,5,1,0.0,,parked
47,4,weekend,0.0,0.0,0.689,2026-02-21 04:00:00,5,1,0.0,,parked
47,5,weekend,86.14,404.9,29.151,2026-02-21 05:00:00,5,1,86.14,33.84,motorway
47,6,weekend,83.66,400.7,28.795,2026-02-21 06:00:00,5,1,83.66,34.42,motorway
47,7,weekend,81.36,388.4,28.621,2026-02-21 07:00:00,5,1,81.36,35.18,motorway
47,8,weekend,75.43,376.2,23.809,2026-02-21 08:00:00,5,1,75.43,31.56,motorway
47,9,weekend,69.28,345.0,20.536,2026-02-21 09:00:00,5,1,69.28,29.64,motorway
47,10,weekend,62.01,312.7,17.743,2026-02-21 10:00:00,5,1,62.01,28.61,motorway
47,11,weekend,58.3,302.1,15.537,2026-02-21 11:00:00,5,1,58.3,26.65,suburban
47,12,weekend,57.66,278.8,11.936,2026-02-21 12:00:00,5,1,57.66,20.7,suburban
47,13,weekend,55.1,243.8,10.335,2026-02-21 13:00:00,5,1,55.1,18.76,suburban
47,14,weekend,54.28,228.4,13.111,2026-02-21 14:00:00,5,1,54.28,24.15,suburban
47,15,weekend,52.19,209.5,13.103,2026-02-21 15:00:00,5,1,52.19,25.11,suburban
47,16,weekend,49.41,160.9,10.315,2026-02-21 16:00:00,5,1,49.41,20.88,suburban
47,17,weekend,56.33,174.7,13.333,2026-02-21 17:00:00,5,1,56.33,23.67,suburban
47,18,weekend,60.17,116.5,14.502,2026-02-21 18:00:00,5,1,60.17,24.1,motorway
47,19,weekend,68.66,125.7,20.569,2026-02-21 19:00:00,5,1,68.66,29.96,motorway
47,20,weekend,75.03,145.4,23.214,2026-02-21 20:00:00,5,1,75.03,30.94,motorway
47,21,weekend,78.49,112.3,30.994,2026-02-21 21:00:00,5,1,78.49,39.49,motorway
47,22,weekend,86.37,76.2,31.88,2026-02-21 22:00:00,5,1,86.37,36.91,motorway
47,23,weekend,0.0,0.0,0.584,2026-02-21 23:00:00,5,1,0.0,,parked
48,0,weekend,0.0,0.0,0.599,2026-02-22 00:00:00,6,1,0.0,,parked
48,1,weekend,0.0,0.0,0.532,2026-02-22 01:00:00,6,1,0.0,,parked
48,2,weekend,0.0,0.0,0.621,2026-02-22 02:00:00,6,1,0.0,,parked
48,3,weekend,0.0,0.0,0.643,2026-02-22 03:00:00,6,1,0.0,,parked
48,4,weekend,0.0,0.0,0.679,2026-02-22 04:00:00,6,1,0.0,,parked
48,5,weekend,85.73,543.2,32.398,2026-02-22 05:00:00,6,1,85.73,37.79,motorway
48,6,weekend,82.76,527.1,34.436,2026-02-22 06:00:00,6,1,82.76,41.61,motorway
48,7,weekend,79.11,520.4,27.905,2026-02-22 07:00:00,6,1,79.11,35.27,motorway
48,8,weekend,75.03,462.5,27.884,2026-02-22 08:00:00,6,1,75.03,37.16,motorway
48,9,weekend,67.83,466.4,15.861,2026-02-22 09:00:00,6,1,67.83,23.38,motorway
48,10,weekend,65.98,408.3,15.277,2026-02-22 10:00:00,6,1,65.98,23.15,motorway
48,11,weekend,61.72,390.8,13.991,2026-02-22 11:00:00,6,1,61.72,22.67,motorway
48,12,weekend,57.15,363.1,13.561,2026-02-22 12:00:00,6,1,57.15,23.73,suburban
48,13,weekend,57.6,301.9,12.519,2026-02-22 13:00:00,6,1,57.6,21.73,suburban
48,14,weekend,52.86,296.6,12.82,2026-02-22 14:00:00,6,1,52.86,24.25,suburban
48,15,weekend,50.53,271.9,10.664,2026-02-22 15:00:00,6,1,50.53,21.1,suburban
48,16,weekend,51.55,247.8,11.049,2026-02-22 16:00:00,6,1,51.55,21.43,suburban
48,17,weekend,52.15,227.2,10.926,2026-02-22 17:00:00,6,1,52.15,20.95,suburban
48,18,weekend,58.16,215.7,10.458,2026-02-22 18:00:00,6,1,58.16,17.98,suburban
48,19,weekend,71.54,163.7,14.354,2026-02-22 19:00:00,6,1,71.54,20.06,motorway
48,20,weekend,75.64,122.3,21.338,2026-02-22 20:00:00,6,1,75.64,28.21,motorway
48,21,weekend,83.35,121.0,24.723,2026-02-22 21:00:00,6,1,83.35,29.66,motorway
48,22,weekend,84.27,87.8,27.308,2026-02-22 22:00:00,6,1,84.27,32.41,motorway
48,23,weekend,0.0,0.0,0.64,2026-02-22 23:00:00,6,1,0.0,,parked
49,0,weekday,0.0,0.0,0.65,2026-02-23 00:00:00,0,0,0.0,,parked
49,1,weekday,0.0,0.0,0.554,2026-02-23 01:00:00,0,0,0.0,,parked
49,2,weekday,0.0,0.0,0.628,2026-02-23 02:00:00,0,0,0.0,,parked
49,3,weekday,0.0,0.0,0.608,2026-02-23 03:00:00,0,0,0.0,,parked
49,4,weekday,0.0,0.0,0.701,2026-02-23 04:00:00,0,0,0.0,,parked
49,5,weekday,85.34,537.6,40.404,2026-02-23 05:00:00,0,0,85.34,47.34,motorway
49,6,weekday,77.35,547.4,30.351,2026-02-23 06:00:00,0,0,77.35,39.24,motorway
49,7,weekday,57.27,551.4,16.671,2026-02-23 07:00:00,0,0,57.27,29.11,suburban
49,8,weekday,36.09,466.9,8.91,2026-02-23 08:00:00,0,0,36.09,24.69,suburban
49,9,weekday,36.82,455.2,7.651,2026-02-23 09:00:00,0,0,36.82,20.78,suburban
49,10,weekday,58.56,429.6,14.411,2026-02-23 10:00:00,0,0,58.56,24.61,suburban
49,11,weekday,76.94,376.4,25.76,2026-02-23 11:00:00,0,0,76.94,33.48,motorway
49,12,weekday,84.03,330.0,28.099,2026-02-23 12:00:00,0,0,84.03,33.44,motorway
49,13,weekday,86.37,328.3,33.926,2026-02-23 13:00:00,0,0,86.37,39.28,motorway
49,14,weekday,85.09,291.6,28.392,2026-02-23 14:00:00,0,0,85.09,33.37,motorway
49,15,weekday,70.28,254.2,22.002,2026-02-23 15:00:00,0,0,70.28,31.31,motorway
49,16,weekday,57.31,273.2,11.127,2026-02-23 16:00:00,0,0,57.31,19.42,suburban
49,17,weekday,38.26,206.7,6.784,2026-02-23 17:00:00,0,0,38.26,17.73,suburban
49,18,weekday,27.28,173.0,4.85,2026-02-23 18:00:00,0,0,27.28,17.78,urban
49,19,weekday,36.3,136.6,5.685,2026-02-23 19:00:00,0,0,36.3,15.66,suburban
49,20,weekday,58.4,142.9,13.569,2026-02-23 20:00:00,0,0,58.4,23.23,suburban
49,21,weekday,72.68,100.4,21.307,2026-02-23 21:00:00,0,0,72.68,29.32,motorway
49,22,weekday,79.11,97.0,29.469,2026-02-23 22:00:00,0,0,79.11,37.25,motorway
49,23,weekday,0.0,0.0,0.709,2026-02-23 23:00:00,0,0,0.0,,parked
50,0,weekday,0.0,0.0,0.574,2026-02-24 00:00:00,1,0,0.0,,parked
50,1,weekday,0.0,0.0,0.494,2026-02-24 01:00:00,1,0,0.0,,parked
50,2,weekday,0.0,0.0,0.647,2026-02-24 02:00:00,1,0,0.0,,parked
50,3,weekday,0.0,0.0,0.648,2026-02-24 03:00:00,1,0,0.0,,parked
50,4,weekday,0.0,0.0,0.648,2026-02-24 04:00:00,1,0,0.0,,parked
50,5,weekday,85.26,962.6,40.346,2026-02-24 05:00:00,1,0,85.26,47.32,motorway
50,6,weekday,75.74,923.1,26.067,2026-02-24 06:00:00,1,0,75.74,34.42,motorway
50,7,weekday,59.59,881.1,13.37,2026-02-24 07:00:00,1,0,59.59,22.44,suburban
50,8,weekday,35.52,826.6,7.59,2026-02-24 08:00:00,1,0,35.52,21.37,suburban
50,9,weekday,35.38,789.5,6.929,2026-02-24 09:00:00,1,0,35.38,19.58,suburban
50,10,weekday,60.99,714.3,15.39,2026-02-24 10:00:00,1,0,60.99,25.23,motorway
50,11,weekday,76.77,661.4,20.038,2026-02-24 11:00:00,1,0,76.77,26.1,motorway
50,12,weekday,86.02,642.8,27.052,2026-02-24 12:00:00,1,0,86.02,31.45,motorway
50,13,weekday,84.63,613.5,39.233,2026-02-24 13:00:00,1,0,84.63,46.36,motorway
50,14,weekday,81.61,537.4,32.45,2026-02-24 14:00:00,1,0,81.61,39.76,motorway
50,15,weekday,72.66,445.0,27.286,2026-02-24 15:00:00,1,0,72.66,37.55,motorway
50,16,weekday,54.91,426.0,14.334,2026-02-24 16:00:00,1,0,54.91,26.1,suburban
50,17,weekday,33.2,396.7,6.134,2026-02-24 17:00:00,1,0,33.2,18.48,suburban
50,18,weekday,26.28,341.8,4.578,2026-02-24 18:00:00,1,0,26.28,17.42,urban
50,19,weekday,35.45,308.3,5.374,2026-02-24 19:00:00,1,0,35.45,15.16,suburban
50,20,weekday,58.57,249.9,12.221,2026-02-24 20:00:00,1,0,58.57,20.87,suburban
50,21,weekday,72.14,150.6,19.149,2026-02-24 21:00:00,1,0,72.14,26.54,motorway
50,22,weekday,82.65,143.0,27.763,2026-02-24 22:00:00,1,0,82.65,33.59,motorway
50,23,weekday,0.0,0.0,0.595,2026-02-24 23:00:00,1,0,0.0,,parked
51,0,weekday,0.0,0.0,0.458,2026-02-25 00:00:00,2,0,0.0,,parked
51,1,weekday,0.0,0.0,0.559,2026-02-25 01:00:00,2,0,0.0,,parked
51,2,weekday,0.0,0.0,0.524,2026-02-25 02:00:00,2,0,0.0,,parked
51,3,weekday,0.0,0.0,0.641,2026-02-25 03:00:00,2,0,0.0,,parked
51,4,weekday,0.0,0.0,0.646,2026-02-25 04:00:00,2,0,0.0,,parked
51,5,weekday,84.97,1200.0,40.077,2026-02-25 05:00:00,2,0,84.97,47.17,motorway
51,6,weekday,79.03,1200.0,30.0,2026-02-25 06:00:00,2,0,79.03,37.96,motorway
51,7,weekday,55.07,1200.0,12.709,2026-02-25 07:00:00,2,0,55.07,23.08,suburban
51,8,weekday,34.76,1200.0,6.035,2026-02-25 08:00:00,2,0,34.76,17.36,suburban
51,9,weekday,34.76,1200.0,7.722,2026-02-25 09:00:00,2,0,34.76,22.22,suburban
51,10,weekday,58.36,1200.0,15.345,2026-02-25 10:00:00,2,0,58.36,26.29,suburban
51,11,weekday,74.05,1200.0,23.699,2026-02-25 11:00:00,2,0,74.05,32.0,motorway
51,12,weekday,84.18,1163.6,31.782,2026-02-25 12:00:00,2,0,84.18,37.75,motorway
51,13,weekday,86.88,1084.5,44.707,2026-02-25 13:00:00,2,0,86.88,51.46,motorway
51,14,weekday,84.04,958.9,37.284,2026-02-25 14:00:00,2,0,84.04,44.36,motorway
51,15,weekday,74.13,901.0,23.363,2026-02-25 15:00:00,2,0,74.13,31.52,motorway
51,16,weekday,53.39,806.8,11.729,2026-02-25 16:00:00,2,0,53.39,21.97,suburban
51,17,weekday,37.15,756.2,8.551,2026-02-25 17:00:00,2,0,37.15,23.02,suburban
51,18,weekday,29.23,600.4,6.026,2026-02-25 18:00:00,2,0,29.23,20.62,urban
51,19,weekday,33.34,537.8,5.798,2026-02-25 19:00:00,2,0,33.34,17.39,suburban
51,20,weekday,54.02,457.3,12.816,2026-02-25 20:00:00,2,0,54.02,23.72,suburban
51,21,weekday,73.05,343.7,24.953,2026-02-25 21:00:00,2,0,73.05,34.16,motorway
51,22,weekday,83.53,281.1,34.722,2026-02-25 22:00:00,2,0,83.53,41.57,motorway
51,23,weekday,0.0,0.0,0.611,2026-02-25 23:00:00,2,0,0.0,,parked
52,0,weekday,0.0,0.0,0.553,2026-02-26 00:00:00,3,0,0.0,,parked
52,1,weekday,0.0,0.0,0.537,2026-02-26 01:00:00,3,0,0.0,,parked
52,2,weekday,0.0,0.0,0.612,2026-02-26 02:00:00,3,0,0.0,,parked
52,3,weekday,0.0,0.0,0.61,2026-02-26 03:00:00,3,0,0.0,,parked
52,4,weekday,0.0,0.0,0.64,2026-02-26 04:00:00,3,0,0.0,,parked
52,5,weekday,84.41,1200.0,45.575,2026-02-26 05:00:00,3,0,84.41,53.99,motorway
52,6,weekday,77.4,1200.0,30.334,2026-02-26 06:00:00,3,0,77.4,39.19,motorway
52,7,weekday,57.04,1148.5,17.974,2026-02-26 07:00:00,3,0,57.04,31.51,suburban
52,8,weekday,35.8,1081.8,8.285,2026-02-26 08:00:00,3,0,35.8,23.14,suburban
52,9,weekday,33.88,1025.6,8.569,2026-02-26 09:00:00,3,0,33.88,25.29,suburban
52,10,weekday,55.1,938.7,17.752,2026-02-26 10:00:00,3,0,55.1,32.22,suburban
52,11,weekday,74.54,880.3,27.031,2026-02-26 11:00:00,3,0,74.54,36.26,motorway
52,12,weekday,84.56,796.6,44.246,2026-02-26 12:00:00,3,0,84.56,52.32,motorway
52,13,weekday,87.61,748.7,41.987,2026-02-26 13:00:00,3,0,87.61,47.92,motorway
52,14,weekday,81.38,680.9,34.541,2026-02-26 14:00:00,3,0,81.38,42.44,motorway
52,15,weekday,72.78,661.1,23.113,2026-02-26 15:00:00,3,0,72.78,31.76,motorway
52,16,weekday,57.07,588.3,14.825,2026-02-26 16:00:00,3,0,57.07,25.98,suburban
52,17,weekday,33.97,487.4,6.563,2026-02-26 17:00:00,3,0,33.97,19.32,suburban
52,18,weekday,28.11,465.7,5.388,2026-02-26 18:00:00,3,0,28.11,19.17,urban
52,19,weekday,36.86,367.3,7.271,2026-02-26 19:00:00,3,0,36.86,19.73,suburban
52,20,weekday,56.07,353.7,12.132,2026-02-26 20:00:00,3,0,56.07,21.64,suburban
52,21,weekday,73.59,236.0,23.509,2026-02-26 21:00:00,3,0,73.59,31.95,motorway
52,22,weekday,83.96,211.8,27.814,2026-02-26 22:00:00,3,0,83.96,33.13,motorway
52,23,weekday,0.0,0.0,0.576,2026-02-26 23:00:00,3,0,0.0,,parked
53,0,weekday,0.0,0.0,0.611,2026-02-27 00:00:00,4,0,0.0,,parked
53,1,weekday,0.0,0.0,0.528,2026-02-27 01:00:00,4,0,0.0,,parked
53,2,weekday,0.0,0.0,0.555,2026-02-27 02:00:00,4,0,0.0,,parked
53,3,weekday,0.0,0.0,0.644,2026-02-27 03:00:00,4,0,0.0,,parked
53,4,weekday,0.0,0.0,0.773,2026-02-27 04:00:00,4,0,0.0,,parked
53,5,weekday,86.23,1200.0,33.91,2026-02-27 05:00:00,4,0,86.23,39.33,motorway
53,6,weekday,75.53,1153.1,28.866,2026-02-27 06:00:00,4,0,75.53,38.22,motorway
53,7,weekday,56.63,1024.9,17.128,2026-02-27 07:00:00,4,0,56.63,30.25,suburban
53,8,weekday,36.13,1024.0,9.809,2026-02-27 08:00:00,4,0,36.13,27.15,suburban
53,9,weekday,36.12,986.6,8.776,2026-02-27 09:00:00,4,0,36.12,24.3,suburban
53,10,weekday,52.8,895.8,14.105,2026-02-27 10:00:00,4,0,52.8,26.71,suburban
53,11,weekday,77.8,848.0,29.397,2026-02-27 11:00:00,4,0,77.8,37.79,motorway
53,12,weekday,86.01,794.7,36.036,2026-02-27 12:00:00,4,0,86.01,41.9,motorway
53,13,weekday,85.73,741.2,29.941,2026-02-27 13:00:00,4,0,85.73,34.92,motorway
53,14,weekday,82.46,679.1,28.302,2026-02-27 14:00:00,4,0,82.46,34.32,motorway
53,15,weekday,73.53,627.2,23.595,2026-02-27 15:00:00,4,0,73.53,32.09,motorway
53,16,weekday,55.7,542.1,13.778,2026-02-27 16:00:00,4,0,55.7,24.74,suburban
53,17,weekday,36.86,461.7,7.495,2026-02-27 17:00:00,4,0,36.86,20.33,suburban
53,18,weekday,27.35,424.4,5.872,2026-02-27 18:00:00,4,0,27.35,21.47,urban
53,19,weekday,35.58,351.1,6.275,2026-02-27 19:00:00,4,0,35.58,17.64,suburban
53,20,weekday,54.13,356.4,8.066,2026-02-27 20:00:00,4,0,54.13,14.9,suburban
53,21,weekday,72.98,242.8,14.048,2026-02-27 21:00:00,4,0,72.98,19.25,motorway
53,22,weekday,83.5,170.3,27.055,2026-02-27 22:00:00,4,0,83.5,32.4,motorway
53,23,weekday,0.0,0.0,0.573,2026-02-27 23:00:00,4,0,0.0,,parked
54,0,weekend,0.0,0.0,0.516,2026-02-28 00:00:00,5,1,0.0,,parked
54,1,weekend,0.0,0.0,0.579,2026-02-28 01:00:00,5,1,0.0,,parked
54,2,weekend,0.0,0.0,0.439,2026-02-28 02:00:00,5,1,0.0,,parked
54,3,weekend,0.0,0.0,0.602,2026-02-28 03:00:00,5,1,0.0,,parked
54,4,weekend,0.0,0.0,0.767,2026-02-28 04:00:00,5,1,0.0,,parked
54,5,weekend,87.51,334.4,22.495,2026-02-28 05:00:00,5,1,87.51,25.71,motorway
54,6,weekend,83.82,302.7,20.598,2026-02-28 06:00:00,5,1,83.82,24.57,motorway
54,7,weekend,78.61,321.1,19.762,2026-02-28 07:00:00,5,1,78.61,25.14,motorway
54,8,weekend,74.79,282.9,16.34,2026-02-28 08:00:00,5,1,74.79,21.85,motorway
54,9,weekend,67.47,248.9,13.29,2026-02-28 09:00:00,5,1,67.47,19.7,motorway
54,10,weekend,63.84,237.2,16.549,2026-02-28 10:00:00,5,1,63.84,25.92,motorway
54,11,weekend,61.5,250.2,16.907,2026-02-28 11:00:00,5,1,61.5,27.49,motorway
54,12,weekend,54.15,208.7,11.273,2026-02-28 12:00:00,5,1,54.15,20.82,suburban
54,13,weekend,57.33,227.3,12.965,2026-02-28 13:00:00,5,1,57.33,22.61,suburban
54,14,weekend,53.47,162.2,13.551,2026-02-28 14:00:00,5,1,53.47,25.34,suburban
54,15,weekend,51.14,155.0,10.538,2026-02-28 15:00:00,5,1,51.14,20.61,suburban
54,16,weekend,48.71,120.6,9.299,2026-02-28 16:00:00,5,1,48.71,19.09,suburban
54,17,weekend,54.58,139.8,11.21,2026-02-28 17:00:00,5,1,54.58,20.54,suburban
54,18,weekend,59.16,124.4,12.67,2026-02-28 18:00:00,5,1,59.16,21.42,suburban
54,19,weekend,69.63,100.6,18.037,2026-02-28 19:00:00,5,1,69.63,25.9,motorway
54,20,weekend,73.48,89.1,19.603,2026-02-28 20:00:00,5,1,73.48,26.68,motorway
54,21,weekend,82.75,60.0,24.833,2026-02-28 21:00:00,5,1,82.75,30.01,motorway
54,22,weekend,86.18,39.0,33.802,2026-02-28 22:00:00,5,1,86.18,39.22,motorway
54,23,weekend,0.0,0.0,0.595,2026-02-28 23:00:00,5,1,0.0,,parked
55,0,weekend,0.0,0.0,0.54,2026-03-01 00:00:00,6,1,0.0,,parked
55,1,weekend,0.0,0.0,0.572,2026-03-01 01:00:00,6,1,0.0,,parked
55,2,weekend,0.0,0.0,0.544,2026-03-01 02:00:00,6,1,0.0,,parked
55,3,weekend,0.0,0.0,0.608,2026-03-01 03:00:00,6,1,0.0,,parked
55,4,weekend,0.0,0.0,0.746,2026-03-01 04:00:00,6,1,0.0,,parked
55,5,weekend,84.6,968.9,28.176,2026-03-01 05:00:00,6,1,84.6,33.3,motorway
55,6,weekend,83.47,959.1,23.418,2026-03-01 06:00:00,6,1,83.47,28.06,motorway
55,7,weekend,80.02,850.5,27.205,2026-03-01 07:00:00,6,1,80.02,34.0,motorway
55,8,weekend,74.5,812.6,24.106,2026-03-01 08:00:00,6,1,74.5,32.36,motorway
55,9,weekend,68.28,766.2,20.454,2026-03-01 09:00:00,6,1,68.28,29.96,motorway
55,10,weekend,61.14,700.8,14.826,2026-03-01 10:00:00,6,1,61.14,24.25,motorway
55,11,weekend,59.91,683.8,15.598,2026-03-01 11:00:00,6,1,59.91,26.04,suburban
55,12,weekend,57.08,628.9,19.134,2026-03-01 12:00:00,6,1,57.08,33.52,suburban
55,13,weekend,56.1,581.0,18.576,2026-03-01 13:00:00,6,1,56.1,33.11,suburban
55,14,weekend,57.28,553.4,16.158,2026-03-01 14:00:00,6,1,57.28,28.21,suburban
55,15,weekend,53.66,451.2,13.848,2026-03-01 15:00:00,6,1,53.66,25.81,suburban
55,16,weekend,46.66,426.3,10.392,2026-03-01 16:00:00,6,1,46.66,22.27,suburban
55,17,weekend,53.99,368.0,10.853,2026-03-01 17:00:00,6,1,53.99,20.1,suburban
55,18,weekend,59.39,329.9,15.609,2026-03-01 18:00:00,6,1,59.39,26.28,suburban
55,19,weekend,68.48,290.1,15.058,2026-03-01 19:00:00,6,1,68.48,21.99,motorway
55,20,weekend,76.21,280.2,19.921,2026-03-01 20:00:00,6,1,76.21,26.14,motorway
55,21,weekend,77.46,207.1,16.478,2026-03-01 21:00:00,6,1,77.46,21.27,motorway
55,22,weekend,84.21,151.4,27.181,2026-03-01 22:00:00,6,1,84.21,32.28,motorway
55,23,weekend,0.0,0.0,0.603,2026-03-01 23:00:00,6,1,0.0,,parked
56,0,weekday,0.0,0.0,0.555,2026-03-02 00:00:00,0,0,0.0,,parked
56,1,weekday,0.0,0.0,0.544,2026-03-02 01:00:00,0,0,0.0,,parked
56,2,weekday,0.0,0.0,0.679,2026-03-02 02:00:00,0,0,0.0,,parked
56,3,weekday,0.0,0.0,0.597,2026-03-02 03:00:00,0,0,0.0,,parked
56,4,weekday,0.0,0.0,0.688,2026-03-02 04:00:00,0,0,0.0,,parked
56,5,weekday,85.51,1200.0,30.813,2026-03-02 05:00:00,0,0,85.51,36.03,motorway
56,6,weekday,79.45,1200.0,21.052,2026-03-02 06:00:00,0,0,79.45,26.5,motorway
56,7,weekday,55.75,1190.1,10.673,2026-03-02 07:00:00,0,0,55.75,19.14,suburban
56,8,weekday,36.6,1123.7,5.242,2026-03-02 08:00:00,0,0,36.6,14.32,suburban
56,9,weekday,37.39,1032.1,5.301,2026-03-02 09:00:00,0,0,37.39,14.18,suburban
56,10,weekday,54.82,986.8,7.638,2026-03-02 10:00:00,0,0,54.82,13.93,suburban
56,11,weekday,73.58,915.8,17.011,2026-03-02 11:00:00,0,0,73.58,23.12,motorway
56,12,weekday,85.59,849.2,22.393,2026-03-02 12:00:00,0,0,85.59,26.16,motorway
56,13,weekday,86.35,819.8,25.979,2026-03-02 13:00:00,0,0,86.35,30.09,motorway
56,14,weekday,81.79,736.0,24.621,2026-03-02 14:00:00,0,0,81.79,30.1,motorway
56,15,weekday,76.09,633.4,21.439,2026-03-02 15:00:00,0,0,76.09,28.18,motorway
56,16,weekday,53.44,588.9,12.304,2026-03-02 16:00:00,0,0,53.44,23.02,suburban
56,17,weekday,34.19,546.8,6.733,2026-03-02 17:00:00,0,0,34.19,19.69,suburban
56,18,weekday,26.69,469.8,5.408,2026-03-02 18:00:00,0,0,26.69,20.26,urban
56,19,weekday,39.81,403.1,6.772,2026-03-02 19:00:00,0,0,39.81,17.01,suburban
56,20,weekday,53.61,310.3,10.982,2026-03-02 20:00:00,0,0,53.61,20.48,suburban
56,21,weekday,74.44,279.0,22.753,2026-03-02 21:00:00,0,0,74.44,30.57,motorway
56,22,weekday,82.11,206.0,22.915,2026-03-02 22:00:00,0,0,82.11,27.91,motorway
56,23,weekday,0.0,0.0,0.646,2026-03-02 23:00:00,0,0,0.0,,parked
57,0,weekday,0.0,0.0,0.548,2026-03-03 00:00:00,1,0,0.0,,parked
57,1,weekday,0.0,0.0,0.591,2026-03-03 01:00:00,1,0,0.0,,parked
57,2,weekday,0.0,0.0,0.535,2026-03-03 02:00:00,1,0,0.0,,parked
57,3,weekday,0.0,0.0,0.583,2026-03-03 03:00:00,1,0,0.0,,parked
57,4,weekday,0.0,0.0,0.718,2026-03-03 04:00:00,1,0,0.0,,parked
57,5,weekday,86.0,1200.0,30.673,2026-03-03 05:00:00,1,0,86.0,35.67,motorway
57,6,weekday,76.67,1200.0,33.423,2026-03-03 06:00:00,1,0,76.67,43.59,motorway
57,7,weekday,57.63,1129.1,17.27,2026-03-03 07:00:00,1,0,57.63,29.97,suburban
57,8,weekday,34.3,1094.6,8.082,2026-03-03 08:00:00,1,0,34.3,23.56,suburban
57,9,weekday,37.25,1022.8,6.618,2026-03-03 09:00:00,1,0,37.25,17.77,suburban
57,10,weekday,56.88,976.4,14.192,2026-03-03 10:00:00,1,0,56.88,24.95,suburban
57,11,weekday,76.88,866.9,24.856,2026-03-03 11:00:00,1,0,76.88,32.33,motorway
57,12,weekday,87.1,835.8,44.746,2026-03-03 12:00:00,1,0,87.1,51.37,motorway
57,13,weekday,87.44,747.3,48.004,2026-03-03 13:00:00,1,0,87.44,54.9,motorway
57,14,weekday,82.32,688.4,37.262,2026-03-03 14:00:00,1,0,82.32,45.26,motorway
57,15,weekday,74.09,618.9,24.465,2026-03-03 15:00:00,1,0,74.09,33.02,motorway
57,16,weekday,55.24,559.0,12.527,2026-03-03 16:00:00,1,0,55.24,22.68,suburban
57,17,weekday,38.66,517.5,8.477,2026-03-03 17:00:00,1,0,38.66,21.93,suburban
57,18,weekday,29.69,430.0,7.295,2026-03-03 18:00:00,1,0,29.69,24.57,urban
57,19,weekday,38.26,424.1,6.939,2026-03-03 19:00:00,1,0,38.26,18.14,suburban
57,20,weekday,56.55,300.9,9.54,2026-03-03 20:00:00,1,0,56.55,16.87,suburban
57,21,weekday,73.42,245.4,18.297,2026-03-03 21:00:00,1,0,73.42,24.92,motorway
57,22,weekday,82.31,169.2,25.053,2026-03-03 22:00:00,1,0,82.31,30.44,motorway
57,23,weekday,0.0,0.0,0.616,2026-03-03 23:00:00,1,0,0.0,,parked
58,0,weekday,0.0,0.0,0.536,2026-03-04 00:00:00,2,0,0.0,,parked
58,1,weekday,0.0,0.0,0.572,2026-03-04 01:00:00,2,0,0.0,,parked
58,2,weekday,0.0,0.0,0.64,2026-03-04 02:00:00,2,0,0.0,,parked
58,3,weekday,0.0,0.0,0.655,2026-03-04 03:00:00,2,0,0.0,,parked
58,4,weekday,0.0,0.0,0.591,2026-03-04 04:00:00,2,0,0.0,,parked
58,5,weekday,83.38,1200.0,36.689,2026-03-04 05:00:00,2,0,83.38,44.0,motorway
58,6,weekday,75.89,1200.0,25.605,2026-03-04 06:00:00,2,0,75.89,33.74,motorway
58,7,weekday,55.61,1200.0,16.34,2026-03-04 07:00:00,2,0,55.61,29.38,suburban
58,8,weekday,34.95,1200.0,8.566,2026-03-04 08:00:00,2,0,34.95,24.51,suburban
58,9,weekday,35.07,1200.0,7.296,2026-03-04 09:00:00,2,0,35.07,20.8,suburban
58,10,weekday,56.81,1117.4,14.028,2026-03-04 10:00:00,2,0,56.81,24.69,suburban
58,11,weekday,75.38,1078.7,30.049,2026-03-04 11:00:00,2,0,75.38,39.86,motorway
58,12,weekday,83.19,1029.5,30.939,2026-03-04 12:00:00,2,0,83.19,37.19,motorway
58,13,weekday,85.01,909.2,27.419,2026-03-04 13:00:00,2,0,85.01,32.25,motorway
58,14,weekday,81.73,864.6,29.906,2026-03-04 14:00:00,2,0,81.73,36.59,motorway
58,15,weekday,72.4,713.7,20.844,2026-03-04 15:00:00,2,0,72.4,28.79,motorway
58,16,weekday,56.87,651.8,14.412,2026-03-04 16:00:00,2,0,56.87,25.34,suburban
58,17,weekday,38.46,611.9,8.391,2026-03-04 17:00:00,2,0,38.46,21.82,suburban
58,18,weekday,29.07,520.9,4.842,2026-03-04 18:00:00,2,0,29.07,16.66,urban
58,19,weekday,36.59,443.2,5.648,2026-03-04 19:00:00,2,0,36.59,15.44,suburban
58,20,weekday,52.44,410.5,8.482,2026-03-04 20:00:00,2,0,52.44,16.17,suburban
58,21,weekday,73.03,326.9,14.672,2026-03-04 21:00:00,2,0,73.03,20.09,motorway
58,22,weekday,84.56,215.2,22.387,2026-03-04 22:00:00,2,0,84.56,26.47,motorway
58,23,weekday,0.0,0.0,0.611,2026-03-04 23:00:00,2,0,0.0,,parked
59,0,weekday,0.0,0.0,0.509,2026-03-05 00:00:00,3,0,0.0,,parked
59,1,weekday,0.0,0.0,0.521,2026-03-05 01:00:00,3,0,0.0,,parked
59,2,weekday,0.0,0.0,0.573,2026-03-05 02:00:00,3,0,0.0,,parked
59,3,weekday,0.0,0.0,0.52,2026-03-05 03:00:00,3,0,0.0,,parked
59,4,weekday,0.0,0.0,0.647,2026-03-05 04:00:00,3,0,0.0,,parked
59,5,weekday,84.82,1200.0,46.073,2026-03-05 05:00:00,3,0,84.82,54.32,motorway
59,6,weekday,78.49,1164.0,32.682,2026-03-05 06:00:00,3,0,78.49,41.64,motorway
59,7,weekday,57.73,1088.3,15.579,2026-03-05 07:00:00,3,0,57.73,26.99,suburban
59,8,weekday,35.61,1036.4,7.871,2026-03-05 08:00:00,3,0,35.61,22.1,suburban
59,9,weekday,34.0,964.9,6.813,2026-03-05 09:00:00,3,0,34.0,20.04,suburban
59,10,weekday,56.91,928.0,16.987,2026-03-05 10:00:00,3,0,56.91,29.85,suburban
59,11,weekday,77.36,852.1,35.332,2026-03-05 11:00:00,3,0,77.36,45.67,motorway
59,12,weekday,83.89,775.5,40.692,2026-03-05 12:00:00,3,0,83.89,48.51,motorway
59,13,weekday,87.98,732.0,48.704,2026-03-05 13:00:00,3,0,87.98,55.36,motorway
59,14,weekday,84.23,665.9,37.374,2026-03-05 14:00:00,3,0,84.23,44.37,motorway
59,15,weekday,72.76,607.5,27.73,2026-03-05 15:00:00,3,0,72.76,38.11,motorway
59,16,weekday,58.11,562.7,19.104,2026-03-05 16:00:00,3,0,58.11,32.88,suburban
59,17,weekday,35.52,502.9,7.739,2026-03-05 17:00:00,3,0,35.52,21.79,suburban
59,18,weekday,27.51,426.9,5.434,2026-03-05 18:00:00,3,0,27.51,19.75,urban
59,19,weekday,37.3,394.8,7.774,2026-03-05 19:00:00,3,0,37.3,20.84,suburban
59,20,weekday,54.23,306.4,13.264,2026-03-05 20:00:00,3,0,54.23,24.46,suburban
59,21,weekday,72.23,238.4,20.506,2026-03-05 21:00:00,3,0,72.23,28.39,motorway
59,22,weekday,82.05,193.0,27.371,2026-03-05 22:00:00,3,0,82.05,33.36,motorway
59,23,weekday,0.0,0.0,0.6,2026-03-05 23:00:00,3,0,0.0,,parked
60,0,weekday,0.0,0.0,0.626,2026-03-06 00:00:00,4,0,0.0,,parked
60,1,weekday,0.0,0.0,0.565,2026-03-06 01:00:00,4,0,0.0,,parked
60,2,weekday,0.0,0.0,0.663,2026-03-06 02:00:00,4,0,0.0,,parked
60,3,weekday,0.0,0.0,0.628,2026-03-06 03:00:00,4,0,0.0,,parked
60,4,weekday,0.0,0.0,0.72,2026-03-06 04:00:00,4,0,0.0,,parked
60,5,weekday,84.57,644.8,26.409,2026-03-06 05:00:00,4,0,84.57,31.23,motorway
60,6,weekday,76.55,573.6,20.062,2026-03-06 06:00:00,4,0,76.55,26.21,motorway
60,7,weekday,55.1,557.4,8.937,2026-03-06 07:00:00,4,0,55.1,16.22,suburban
60,8,weekday,36.98,584.3,5.736,2026-03-06 08:00:00,4,0,36.98,15.51,suburban
60,9,weekday,34.81,488.8,6.103,2026-03-06 09:00:00,4,0,34.81,17.53,suburban
60,10,weekday,59.63,504.1,10.789,2026-03-06 10:00:00,4,0,59.63,18.09,suburban
60,11,weekday,75.6,442.8,19.386,2026-03-06 11:00:00,4,0,75.6,25.64,motorway
60,12,weekday,83.69,417.3,36.183,2026-03-06 12:00:00,4,0,83.69,43.23,motorway
60,13,weekday,86.58,360.1,36.196,2026-03-06 13:00:00,4,0,86.58,41.81,motorway
60,14,weekday,83.39,360.6,37.416,2026-03-06 14:00:00,4,0,83.39,44.87,motorway
60,15,weekday,73.14,294.0,24.938,2026-03-06 15:00:00,4,0,73.14,34.1,motorway
60,16,weekday,56.01,276.1,13.371,2026-03-06 16:00:00,4,0,56.01,23.87,suburban
60,17,weekday,34.1,249.3,5.169,2026-03-06 17:00:00,4,0,34.1,15.16,suburban
60,18,weekday,27.41,195.5,5.005,2026-03-06 18:00:00,4,0,27.41,18.26,urban
60,19,weekday,35.76,181.7,6.283,2026-03-06 19:00:00,4,0,35.76,17.57,suburban
60,20,weekday,54.46,182.7,11.685,2026-03-06 20:00:00,4,0,54.46,21.46,suburban
60,21,weekday,74.43,87.4,24.212,2026-03-06 21:00:00,4,0,74.43,32.53,motorway
60,22,weekday,84.44,103.0,30.412,2026-03-06 22:00:00,4,0,84.44,36.02,motorway
60,23,weekday,0.0,0.0,0.643,2026-03-06 23:00:00,4,0,0.0,,parked
61,0,weekend,0.0,0.0,0.485,2026-03-07 00:00:00,5,1,0.0,,parked
61,1,weekend,0.0,0.0,0.658,2026-03-07 01:00:00,5,1,0.0,,parked
61,2,weekend,0.0,0.0,0.575,2026-03-07 02:00:00,5,1,0.0,,parked
61,3,weekend,0.0,0.0,0.642,2026-03-07 03:00:00,5,1,0.0,,parked
61,4,weekend,0.0,0.0,0.674,2026-03-07 04:00:00,5,1,0.0,,parked
61,5,weekend,85.14,618.2,32.455,2026-03-07 05:00:00,5,1,85.14,38.12,motorway
61,6,weekend,84.12,637.1,36.086,2026-03-07 06:00:00,5,1,84.12,42.9,motorway
61,7,weekend,78.71,540.2,32.048,2026-03-07 07:00:00,5,1,78.71,40.72,motorway
61,8,weekend,76.79,527.7,27.743,2026-03-07 08:00:00,5,1,76.79,36.13,motorway
61,9,weekend,66.54,452.2,22.79,2026-03-07 09:00:00,5,1,66.54,34.25,motorway
61,10,weekend,64.34,461.7,21.759,2026-03-07 10:00:00,5,1,64.34,33.82,motorway
61,11,weekend,59.38,391.5,13.059,2026-03-07 11:00:00,5,1,59.38,21.99,suburban
61,12,weekend,56.86,409.0,16.49,2026-03-07 12:00:00,5,1,56.86,29.0,suburban
61,13,weekend,57.8,348.2,12.187,2026-03-07 13:00:00,5,1,57.8,21.08,suburban
61,14,weekend,54.17,322.5,14.742,2026-03-07 14:00:00,5,1,54.17,27.21,suburban
61,15,weekend,52.64,281.3,11.068,2026-03-07 15:00:00,5,1,52.64,21.03,suburban
61,16,weekend,51.21,252.2,9.741,2026-03-07 16:00:00,5,1,51.21,19.02,suburban
61,17,weekend,55.57,250.6,12.246,2026-03-07 17:00:00,5,1,55.57,22.04,suburban
61,18,weekend,62.98,212.9,18.884,2026-03-07 18:00:00,5,1,62.98,29.98,motorway
61,19,weekend,67.94,193.1,18.574,2026-03-07 19:00:00,5,1,67.94,27.34,motorway
61,20,weekend,74.98,170.4,22.497,2026-03-07 20:00:00,5,1,74.98,30.0,motorway
61,21,weekend,84.83,123.2,31.202,2026-03-07 21:00:00,5,1,84.83,36.78,motorway
61,22,weekend,86.61,70.7,33.767,2026-03-07 22:00:00,5,1,86.61,38.99,motorway
61,23,weekend,0.0,0.0,0.616,2026-03-07 23:00:00,5,1,0.0,,parked
62,0,weekend,0.0,0.0,0.589,2026-03-08 00:00:00,6,1,0.0,,parked
62,1,weekend,0.0,0.0,0.478,2026-03-08 01:00:00,6,1,0.0,,parked
62,2,weekend,0.0,0.0,0.619,2026-03-08 02:00:00,6,1,0.0,,parked
62,3,weekend,0.0,0.0,0.593,2026-03-08 03:00:00,6,1,0.0,,parked
62,4,weekend,0.0,0.0,0.685,2026-03-08 04:00:00,6,1,0.0,,parked
62,5,weekend,89.22,638.8,41.555,2026-03-08 05:00:00,6,1,89.22,46.58,motorway
62,6,weekend,84.49,630.3,36.829,2026-03-08 06:00:00,6,1,84.49,43.59,motorway
62,7,weekend,81.68,568.4,39.129,2026-03-08 07:00:00,6,1,81.68,47.91,motorway
62,8,weekend,75.05,579.5,31.502,2026-03-08 08:00:00,6,1,75.05,41.97,motorway
62,9,weekend,68.58,483.7,24.121,2026-03-08 09:00:00,6,1,68.58,35.17,motorway
62,10,weekend,61.21,520.0,18.258,2026-03-08 10:00:00,6,1,61.21,29.83,motorway
62,11,weekend,58.69,464.5,16.881,2026-03-08 11:00:00,6,1,58.69,28.76,suburban
62,12,weekend,57.98,443.2,11.755,2026-03-08 12:00:00,6,1,57.98,20.27,suburban
62,13,weekend,56.27,390.4,12.555,2026-03-08 13:00:00,6,1,56.27,22.31,suburban
62,14,weekend,57.76,353.8,14.232,2026-03-08 14:00:00,6,1,57.76,24.64,suburban
62,15,weekend,51.25,363.9,13.324,2026-03-08 15:00:00,6,1,51.25,26.0,suburban
62,16,weekend,51.76,300.9,14.606,2026-03-08 16:00:00,6,1,51.76,28.22,suburban
62,17,weekend,53.03,280.0,13.661,2026-03-08 17:00:00,6,1,53.03,25.76,suburban
62,18,weekend,58.96,249.1,16.975,2026-03-08 18:00:00,6,1,58.96,28.79,suburban
62,19,weekend,67.01,204.1,20.348,2026-03-08 19:00:00,6,1,67.01,30.37,motorway
62,20,weekend,74.32,158.5,22.915,2026-03-08 20:00:00,6,1,74.32,30.83,motorway
62,21,weekend,84.53,102.6,27.197,2026-03-08 21:00:00,6,1,84.53,32.17,motorway
62,22,weekend,85.97,110.7,30.553,2026-03-08 22:00:00,6,1,85.97,35.54,motorway
62,23,weekend,0.0,0.0,0.536,2026-03-08 23:00:00,6,1,0.0,,parked
63,0,weekday,0.0,0.0,0.497,2026-03-09 00:00:00,0,0,0.0,,parked
63,1,weekday,0.0,0.0,0.576,2026-03-09 01:00:00,0,0,0.0,,parked
63,2,weekday,0.0,0.0,0.512,2026-03-09 02:00:00,0,0,0.0,,parked
63,3,weekday,0.0,0.0,0.571,2026-03-09 03:00:00,0,0,0.0,,parked
63,4,weekday,0.0,0.0,0.727,2026-03-09 04:00:00,0,0,0.0,,parked
63,5,weekday,84.74,1113.7,45.933,2026-03-09 05:00:00,0,0,84.74,54.2,motorway
63,6,weekday,77.55,1059.5,27.425,2026-03-09 06:00:00,0,0,77.55,35.36,motorway
63,7,weekday,57.87,961.6,13.601,2026-03-09 07:00:00,0,0,57.87,23.5,suburban
63,8,weekday,36.53,918.3,6.554,2026-03-09 08:00:00,0,0,36.53,17.94,suburban
63,9,weekday,36.97,921.9,6.385,2026-03-09 09:00:00,0,0,36.97,17.27,suburban
63,10,weekday,54.82,841.7,12.554,2026-03-09 10:00:00,0,0,54.82,22.9,suburban
63,11,weekday,75.72,765.1,24.038,2026-03-09 11:00:00,0,0,75.72,31.75,motorway
63,12,weekday,85.3,685.2,34.094,2026-03-09 12:00:00,0,0,85.3,39.97,motorway
63,13,weekday,88.16,642.9,30.057,2026-03-09 13:00:00,0,0,88.16,34.09,motorway
63,14,weekday,84.84,605.5,30.979,2026-03-09 14:00:00,0,0,84.84,36.51,motorway
63,15,weekday,75.67,527.0,21.007,2026-03-09 15:00:00,0,0,75.67,27.76,motorway
63,16,weekday,52.85,518.3,12.688,2026-03-09 16:00:00,0,0,52.85,24.01,suburban
63,17,weekday,37.42,434.8,6.896,2026-03-09 17:00:00,0,0,37.42,18.43,suburban
63,18,weekday,26.54,393.0,6.046,2026-03-09 18:00:00,0,0,26.54,22.78,urban
63,19,weekday,37.14,347.0,7.568,2026-03-09 19:00:00,0,0,37.14,20.38,suburban
63,20,weekday,56.35,266.1,14.164,2026-03-09 20:00:00,0,0,56.35,25.14,suburban
63,21,weekday,71.72,231.7,21.23,2026-03-09 21:00:00,0,0,71.72,29.6,motorway
63,22,weekday,83.93,153.6,25.384,2026-03-09 22:00:00,0,0,83.93,30.24,motorway
63,23,weekday,0.0,0.0,0.665,2026-03-09 23:00:00,0,0,0.0,,parked
64,0,weekday,0.0,0.0,0.512,2026-03-10 00:00:00,1,0,0.0,,parked
64,1,weekday,0.0,0.0,0.554,2026-03-10 01:00:00,1,0,0.0,,parked
64,2,weekday,0.0,0.0,0.577,2026-03-10 02:00:00,1,0,0.0,,parked
64,3,weekday,0.0,0.0,0.665,2026-03-10 03:00:00,1,0,0.0,,parked
64,4,weekday,0.0,0.0,0.651,2026-03-10 04:00:00,1,0,0.0,,parked
64,5,weekday,86.62,1200.0,31.337,2026-03-10 05:00:00,1,0,86.62,36.18,motorway
64,6,weekday,74.99,1200.0,19.055,2026-03-10 06:00:00,1,0,74.99,25.41,motorway
64,7,weekday,55.69,1200.0,10.746,2026-03-10 07:00:00,1,0,55.69,19.3,suburban
64,8,weekday,36.06,1200.0,5.703,2026-03-10 08:00:00,1,0,36.06,15.82,suburban
64,9,weekday,34.85,1200.0,6.18,2026-03-10 09:00:00,1,0,34.85,17.73,suburban
64,10,weekday,57.67,1200.0,16.562,2026-03-10 10:00:00,1,0,57.67,28.72,suburban
64,11,weekday,75.39,1200.0,27.496,2026-03-10 11:00:00,1,0,75.39,36.47,motorway
64,12,weekday,85.99,1200.0,31.033,2026-03-10 12:00:00,1,0,85.99,36.09,motorway
64,13,weekday,85.34,1117.0,31.433,2026-03-10 13:00:00,1,0,85.34,36.83,motorway
64,14,weekday,83.43,989.7,28.559,2026-03-10 14:00:00,1,0,83.43,34.23,motorway
64,15,weekday,73.88,896.4,18.803,2026-03-10 15:00:00,1,0,73.88,25.45,motorway
64,16,weekday,56.54,804.5,12.388,2026-03-10 16:00:00,1,0,56.54,21.91,suburban
64,17,weekday,39.15,756.3,8.66,2026-03-10 17:00:00,1,0,39.15,22.12,suburban
64,18,weekday,29.08,641.3,6.411,2026-03-10 18:00:00,1,0,29.08,22.05,urban
64,19,weekday,36.32,555.7,6.3,2026-03-10 19:00:00,1,0,36.32,17.35,suburban
64,20,weekday,54.77,433.5,13.747,2026-03-10 20:00:00,1,0,54.77,25.1,suburban
64,21,weekday,73.71,341.8,25.393,2026-03-10 21:00:00,1,0,73.71,34.45,motorway
64,22,weekday,84.93,251.9,36.281,2026-03-10 22:00:00,1,0,84.93,42.72,motorway
64,23,weekday,0.0,0.0,0.668,2026-03-10 23:00:00,1,0,0.0,,parked
65,0,weekday,0.0,0.0,0.605,2026-03-11 00:00:00,2,0,0.0,,parked
65,1,weekday,0.0,0.0,0.584,2026-03-11 01:00:00,2,0,0.0,,parked
65,2,weekday,0.0,0.0,0.547,2026-03-11 02:00:00,2,0,0.0,,parked
65,3,weekday,0.0,0.0,0.645,2026-03-11 03:00:00,2,0,0.0,,parked
65,4,weekday,0.0,0.0,0.766,2026-03-11 04:00:00,2,0,0.0,,parked
65,5,weekday,84.71,677.7,30.62,2026-03-11 05:00:00,2,0,84.71,36.15,motorway
65,6,weekday,76.35,621.0,27.326,2026-03-11 06:00:00,2,0,76.35,35.79,motorway
65,7,weekday,57.86,615.0,16.112,2026-03-11 07:00:00,2,0,57.86,27.85,suburban
65,8,weekday,35.18,559.1,7.262,2026-03-11 08:00:00,2,0,35.18,20.64,suburban
65,9,weekday,37.99,566.5,7.923,2026-03-11 09:00:00,2,0,37.99,20.86,suburban
65,10,weekday,56.32,480.7,14.02,2026-03-11 10:00:00,2,0,56.32,24.89,suburban
65,11,weekday,76.94,481.6,28.522,2026-03-11 11:00:00,2,0,76.94,37.07,motorway
65,12,weekday,84.28,467.5,31.879,2026-03-11 12:00:00,2,0,84.28,37.83,motorway
65,13,weekday,86.25,402.7,30.513,2026-03-11 13:00:00,2,0,86.25,35.38,motorway
65,14,weekday,86.7,374.8,34.408,2026-03-11 14:00:00,2,0,86.7,39.69,motorway
65,15,weekday,72.31,361.9,18.938,2026-03-11 15:00:00,2,0,72.31,26.19,motorway
65,16,weekday,56.65,341.9,7.12,2026-03-11 16:00:00,2,0,56.65,12.57,suburban
65,17,weekday,32.42,288.6,4.982,2026-03-11 17:00:00,2,0,32.42,15.37,suburban
65,18,weekday,28.67,259.1,4.227,2026-03-11 18:00:00,2,0,28.67,14.74,urban
65,19,weekday,35.96,165.1,5.352,2026-03-11 19:00:00,2,0,35.96,14.88,suburban
65,20,weekday,57.33,128.9,11.582,2026-03-11 20:00:00,2,0,57.33,20.2,suburban
65,21,weekday,70.65,135.8,18.987,2026-03-11 21:00:00,2,0,70.65,26.87,motorway
65,22,weekday,84.09,113.2,22.48,2026-03-11 22:00:00,2,0,84.09,26.73,motorway
65,23,weekday,0.0,0.0,0.527,2026-03-11 23:00:00,2,0,0.0,,parked
66,0,weekday,0.0,0.0,0.572,2026-03-12 00:00:00,3,0,0.0,,parked
66,1,weekday,0.0,0.0,0.553,2026-03-12 01:00:00,3,0,0.0,,parked
66,2,weekday,0.0,0.0,0.634,2026-03-12 02:00:00,3,0,0.0,,parked
66,3,weekday,0.0,0.0,0.642,2026-03-12 03:00:00,3,0,0.0,,parked
66,4,weekday,0.0,0.0,0.649,2026-03-12 04:00:00,3,0,0.0,,parked
66,5,weekday,84.71,1200.0,34.546,2026-03-12 05:00:00,3,0,84.71,40.78,motorway
66,6,weekday,76.14,1132.2,22.863,2026-03-12 06:00:00,3,0,76.14,30.03,motorway
66,7,weekday,56.8,1099.2,14.907,2026-03-12 07:00:00,3,0,56.8,26.24,suburban
66,8,weekday,34.89,1004.6,7.825,2026-03-12 08:00:00,3,0,34.89,22.43,suburban
66,9,weekday,37.76,989.4,8.21,2026-03-12 09:00:00,3,0,37.76,21.74,suburban
66,10,weekday,59.17,894.8,13.993,2026-03-12 10:00:00,3,0,59.17,23.65,suburban
66,11,weekday,77.59,885.8,29.3,2026-03-12 11:00:00,3,0,77.59,37.76,motorway
66,12,weekday,84.39,744.7,31.505,2026-03-12 12:00:00,3,0,84.39,37.33,motorway
66,13,weekday,87.31,721.9,35.4,2026-03-12 13:00:00,3,0,87.31,40.55,motorway
66,14,weekday,84.41,670.0,35.688,2026-03-12 14:00:00,3,0,84.41,42.28,motorway
66,15,weekday,74.34,538.6,24.536,2026-03-12 15:00:00,3,0,74.34,33.01,motorway
66,16,weekday,53.37,536.3,15.477,2026-03-12 16:00:00,3,0,53.37,29.0,suburban
66,17,weekday,38.13,490.4,8.385,2026-03-12 17:00:00,3,0,38.13,21.99,suburban
66,18,weekday,28.03,484.5,7.007,2026-03-12 18:00:00,3,0,28.03,25.0,urban
66,19,weekday,34.01,349.9,7.414,2026-03-12 19:00:00,3,0,34.01,21.8,suburban
66,20,weekday,52.4,301.3,12.406,2026-03-12 20:00:00,3,0,52.4,23.68,suburban
66,21,weekday,72.53,203.3,21.721,2026-03-12 21:00:00,3,0,72.53,29.95,motorway
66,22,weekday,80.25,203.1,29.631,2026-03-12 22:00:00,3,0,80.25,36.92,motorway
66,23,weekday,0.0,0.0,0.654,2026-03-12 23:00:00,3,0,0.0,,parked
67,0,weekday,0.0,0.0,0.475,2026-03-13 00:00:00,4,0,0.0,,parked
67,1,weekday,0.0,0.0,0.532,2026-03-13 01:00:00,4,0,0.0,,parked
67,2,weekday,0.0,0.0,0.605,2026-03-13 02:00:00,4,0,0.0,,parked
67,3,weekday,0.0,0.0,0.682,2026-03-13 03:00:00,4,0,0.0,,parked
67,4,weekday,0.0,0.0,0.636,2026-03-13 04:00:00,4,0,0.0,,parked
67,5,weekday,84.27,1200.0,38.167,2026-03-13 05:00:00,4,0,84.27,45.29,motorway
67,6,weekday,80.25,1200.0,21.637,2026-03-13 06:00:00,4,0,80.25,26.96,motorway
67,7,weekday,55.94,1200.0,14.48,2026-03-13 07:00:00,4,0,55.94,25.88,suburban
67,8,weekday,35.3,1171.7,9.495,2026-03-13 08:00:00,4,0,35.3,26.9,suburban
67,9,weekday,35.38,1122.2,10.48,2026-03-13 09:00:00,4,0,35.38,29.62,suburban
67,10,weekday,56.63,1034.6,19.153,2026-03-13 10:00:00,4,0,56.63,33.82,suburban
67,11,weekday,76.18,931.7,25.165,2026-03-13 11:00:00,4,0,76.18,33.03,motorway
67,12,weekday,85.22,929.1,34.662,2026-03-13 12:00:00,4,0,85.22,40.67,motorway
67,13,weekday,85.32,852.5,32.887,2026-03-13 13:00:00,4,0,85.32,38.55,motorway
67,14,weekday,82.23,778.7,26.115,2026-03-13 14:00:00,4,0,82.23,31.76,motorway
67,15,weekday,76.45,691.6,23.793,2026-03-13 15:00:00,4,0,76.45,31.12,motorway
67,16,weekday,54.93,590.9,14.443,2026-03-13 16:00:00,4,0,54.93,26.29,suburban
67,17,weekday,36.11,542.4,7.113,2026-03-13 17:00:00,4,0,36.11,19.7,suburban
67,18,weekday,27.16,461.0,7.063,2026-03-13 18:00:00,4,0,27.16,26.01,urban
67,19,weekday,37.44,430.2,8.051,2026-03-13 19:00:00,4,0,37.44,21.5,suburban
67,20,weekday,56.04,338.4,13.839,2026-03-13 20:00:00,4,0,56.04,24.69,suburban
67,21,weekday,72.46,248.4,22.755,2026-03-13 21:00:00,4,0,72.46,31.4,motorway
67,22,weekday,80.08,216.4,29.056,2026-03-13 22:00:00,4,0,80.08,36.28,motorway
67,23,weekday,0.0,0.0,0.605,2026-03-13 23:00:00,4,0,0.0,,parked
68,0,weekend,0.0,0.0,0.565,2026-03-14 00:00:00,5,1,0.0,,parked
68,1,weekend,0.0,0.0,0.529,2026-03-14 01:00:00,5,1,0.0,,parked
68,2,weekend,0.0,0.0,0.494,2026-03-14 02:00:00,5,1,0.0,,parked
68,3,weekend,0.0,0.0,0.587,2026-03-14 03:00:00,5,1,0.0,,parked
68,4,weekend,0.0,0.0,0.606,2026-03-14 04:00:00,5,1,0.0,,parked
68,5,weekend,85.77,560.2,33.753,2026-03-14 05:00:00,5,1,85.77,39.35,motorway
68,6,weekend,85.0,551.7,40.388,2026-03-14 06:00:00,5,1,85.0,47.52,motorway
68,7,weekend,79.97,524.6,34.723,2026-03-14 07:00:00,5,1,79.97,43.42,motorway
68,8,weekend,72.39,459.5,25.43,2026-03-14 08:00:00,5,1,72.39,35.13,motorway
68,9,weekend,68.37,471.1,26.151,2026-03-14 09:00:00,5,1,68.37,38.25,motorway
68,10,weekend,64.79,399.6,22.879,2026-03-14 10:00:00,5,1,64.79,35.31,motorway
68,11,weekend,57.07,386.6,17.159,2026-03-14 11:00:00,5,1,57.07,30.07,suburban
68,12,weekend,61.02,367.8,21.186,2026-03-14 12:00:00,5,1,61.02,34.72,motorway
68,13,weekend,56.95,310.7,16.492,2026-03-14 13:00:00,5,1,56.95,28.96,suburban
68,14,weekend,53.9,333.9,14.04,2026-03-14 14:00:00,5,1,53.9,26.05,suburban
68,15,weekend,51.53,279.2,12.707,2026-03-14 15:00:00,5,1,51.53,24.66,suburban
68,16,weekend,52.97,259.6,15.927,2026-03-14 16:00:00,5,1,52.97,30.07,suburban
68,17,weekend,52.56,240.8,15.795,2026-03-14 17:00:00,5,1,52.56,30.05,suburban
68,18,weekend,61.12,196.7,19.853,2026-03-14 18:00:00,5,1,61.12,32.48,motorway
68,19,weekend,70.52,176.8,27.274,2026-03-14 19:00:00,5,1,70.52,38.68,motorway
68,20,weekend,75.7,136.9,29.042,2026-03-14 20:00:00,5,1,75.7,38.36,motorway
68,21,weekend,81.76,113.1,34.344,2026-03-14 21:00:00,5,1,81.76,42.01,motorway
68,22,weekend,87.59,116.6,43.447,2026-03-14 22:00:00,5,1,87.59,49.6,motorway
68,23,weekend,0.0,0.0,0.617,2026-03-14 23:00:00,5,1,0.0,,parked
69,0,weekend,0.0,0.0,0.558,2026-03-15 00:00:00,6,1,0.0,,parked
69,1,weekend,0.0,0.0,0.586,2026-03-15 01:00:00,6,1,0.0,,parked
69,2,weekend,0.0,0.0,0.575,2026-03-15 02:00:00,6,1,0.0,,parked
69,3,weekend,0.0,0.0,0.761,2026-03-15 03:00:00,6,1,0.0,,parked
69,4,weekend,0.0,0.0,0.615,2026-03-15 04:00:00,6,1,0.0,,parked
69,5,weekend,86.03,775.5,33.542,2026-03-15 05:00:00,6,1,86.03,38.99,motorway
69,6,weekend,84.7,705.9,30.924,2026-03-15 06:00:00,6,1,84.7,36.51,motorway
69,7,weekend,77.65,658.6,23.605,2026-03-15 07:00:00,6,1,77.65,30.4,motorway
69,8,weekend,74.94,656.2,22.073,2026-03-15 08:00:00,6,1,74.94,29.45,motorway
69,9,weekend,69.4,550.5,20.303,2026-03-15 09:00:00,6,1,69.4,29.26,motorway
69,10,weekend,64.25,550.4,14.36,2026-03-15 10:00:00,6,1,64.25,22.35,motorway
69,11,weekend,56.13,544.2,12.983,2026-03-15 11:00:00,6,1,56.13,23.13,suburban
69,12,weekend,57.68,495.0,14.83,2026-03-15 12:00:00,6,1,57.68,25.71,suburban
69,13,weekend,54.75,479.4,14.569,2026-03-15 13:00:00,6,1,54.75,26.61,suburban
69,14,weekend,57.27,415.3,15.931,2026-03-15 14:00:00,6,1,57.27,27.82,suburban
69,15,weekend,50.87,377.1,12.516,2026-03-15 15:00:00,6,1,50.87,24.6,suburban
69,16,weekend,51.29,344.4,13.5,2026-03-15 16:00:00,6,1,51.29,26.32,suburban
69,17,weekend,54.87,303.1,14.082,2026-03-15 17:00:00,6,1,54.87,25.66,suburban
69,18,weekend,58.51,237.1,13.932,2026-03-15 18:00:00,6,1,58.51,23.81,suburban
69,19,weekend,67.7,241.4,17.675,2026-03-15 19:00:00,6,1,67.7,26.11,motorway
69,20,weekend,75.95,179.8,28.454,2026-03-15 20:00:00,6,1,75.95,37.46,motorway
69,21,weekend,78.94,170.0,28.506,2026-03-15 21:00:00,6,1,78.94,36.11,motorway
69,22,weekend,84.09,84.2,30.836,2026-03-15 22:00:00,6,1,84.09,36.67,motorway
69,23,weekend,0.0,0.0,0.635,2026-03-15 23:00:00,6,1,0.0,,parked
70,0,weekday,0.0,0.0,0.594,2026-03-16 00:00:00,0,0,0.0,,parked
70,1,weekday,0.0,0.0,0.43,2026-03-16 01:00:00,0,0,0.0,,parked
70,2,weekday,0.0,0.0,0.54,2026-03-16 02:00:00,0,0,0.0,,parked
70,3,weekday,0.0,0.0,0.616,2026-03-16 03:00:00,0,0,0.0,,parked
70,4,weekday,0.0,0.0,0.594,2026-03-16 04:00:00,0,0,0.0,,parked
70,5,weekday,86.68,1200.0,35.991,2026-03-16 05:00:00,0,0,86.68,41.52,motorway
70,6,weekday,78.17,1181.6,29.918,2026-03-16 06:00:00,0,0,78.17,38.27,motorway
70,7,weekday,56.31,1113.9,14.27,2026-03-16 07:00:00,0,0,56.31,25.34,suburban
70,8,weekday,33.46,1094.3,7.191,2026-03-16 08:00:00,0,0,33.46,21.49,suburban
70,9,weekday,36.74,976.5,7.576,2026-03-16 09:00:00,0,0,36.74,20.62,suburban
70,10,weekday,58.61,964.5,17.238,2026-03-16 10:00:00,0,0,58.61,29.41,suburban
70,11,weekday,76.14,903.8,25.129,2026-03-16 11:00:00,0,0,76.14,33.0,motorway
70,12,weekday,88.51,827.9,35.138,2026-03-16 12:00:00,0,0,88.51,39.7,motorway
70,13,weekday,87.58,764.2,35.127,2026-03-16 13:00:00,0,0,87.58,40.11,motorway
70,14,weekday,84.14,698.4,26.956,2026-03-16 14:00:00,0,0,84.14,32.04,motorway
70,15,weekday,71.24,677.6,19.566,2026-03-16 15:00:00,0,0,71.24,27.46,motorway
70,16,weekday,54.83,553.0,12.656,2026-03-16 16:00:00,0,0,54.83,23.08,suburban
70,17,weekday,35.8,492.8,7.383,2026-03-16 17:00:00,0,0,35.8,20.62,suburban
70,18,weekday,30.46,453.5,6.261,2026-03-16 18:00:00,0,0,30.46,20.55,suburban
70,19,weekday,34.85,363.4,6.423,2026-03-16 19:00:00,0,0,34.85,18.43,suburban
70,20,weekday,56.83,324.7,13.102,2026-03-16 20:00:00,0,0,56.83,23.05,suburban
70,21,weekday,76.12,237.2,20.276,2026-03-16 21:00:00,0,0,76.12,26.64,motorway
70,22,weekday,81.7,147.3,18.559,2026-03-16 22:00:00,0,0,81.7,22.72,motorway
70,23,weekday,0.0,0.0,0.571,2026-03-16 23:00:00,0,0,0.0,,parked
71,0,weekday,0.0,0.0,0.636,2026-03-17 00:00:00,1,0,0.0,,parked
71,1,weekday,0.0,0.0,0.575,2026-03-17 01:00:00,1,0,0.0,,parked
71,2,weekday,0.0,0.0,0.571,2026-03-17 02:00:00,1,0,0.0,,parked
71,3,weekday,0.0,0.0,0.649,2026-03-17 03:00:00,1,0,0.0,,parked
71,4,weekday,0.0,0.0,0.738,2026-03-17 04:00:00,1,0,0.0,,parked
71,5,weekday,87.04,1200.0,29.188,2026-03-17 05:00:00,1,0,87.04,33.53,motorway
71,6,weekday,75.79,1200.0,22.125,2026-03-17 06:00:00,1,0,75.79,29.19,motorway
71,7,weekday,56.06,1200.0,14.612,2026-03-17 07:00:00,1,0,56.06,26.06,suburban
71,8,weekday,35.05,1200.0,6.475,2026-03-17 08:00:00,1,0,35.05,18.47,suburban
71,9,weekday,36.12,1198.0,5.778,2026-03-17 09:00:00,1,0,36.12,16.0,suburban
71,10,weekday,55.73,1087.2,12.86,2026-03-17 10:00:00,1,0,55.73,23.08,suburban
71,11,weekday,78.02,1017.5,24.6,2026-03-17 11:00:00,1,0,78.02,31.53,motorway
71,12,weekday,86.48,959.6,30.032,2026-03-17 12:00:00,1,0,86.48,34.73,motorway
71,13,weekday,86.2,880.1,29.931,2026-03-17 13:00:00,1,0,86.2,34.72,motorway
71,14,weekday,84.0,803.2,21.134,2026-03-17 14:00:00,1,0,84.0,25.16,motorway
71,15,weekday,72.83,759.5,16.391,2026-03-17 15:00:00,1,0,72.83,22.51,motorway
71,16,weekday,58.58,656.7,12.226,2026-03-17 16:00:00,1,0,58.58,20.87,suburban
71,17,weekday,35.81,570.9,4.552,2026-03-17 17:00:00,1,0,35.81,12.71,suburban
71,18,weekday,27.04,495.4,4.965,2026-03-17 18:00:00,1,0,27.04,18.36,urban
71,19,weekday,39.23,480.2,6.12,2026-03-17 19:00:00,1,0,39.23,15.6,suburban
71,20,weekday,54.08,385.1,11.487,2026-03-17 20:00:00,1,0,54.08,21.24,suburban
71,21,weekday,73.15,282.7,21.535,2026-03-17 21:00:00,1,0,73.15,29.44,motorway
71,22,weekday,83.93,165.8,27.784,2026-03-17 22:00:00,1,0,83.93,33.1,motorway
71,23,weekday,0.0,0.0,0.691,2026-03-17 23:00:00,1,0,0.0,,parked
72,0,weekday,0.0,0.0,0.631,2026-03-18 00:00:00,2,0,0.0,,parked
72,1,weekday,0.0,0.0,0.531,2026-03-18 01:00:00,2,0,0.0,,parked
72,2,weekday,0.0,0.0,0.464,2026-03-18 02:00:00,2,0,0.0,,parked
72,3,weekday,0.0,0.0,0.627,2026-03-18 03:00:00,2,0,0.0,,parked
72,4,weekday,0.0,0.0,0.578,2026-03-18 04:00:00,2,0,0.0,,parked
72,5,weekday,87.05,1065.7,34.96,2026-03-18 05:00:00,2,0,87.05,40.16,motorway
72,6,weekday,79.2,1035.4,27.85,2026-03-18 06:00:00,2,0,79.2,35.16,motorway
72,7,weekday,54.47,980.8,14.245,2026-03-18 07:00:00,2,0,54.47,26.15,suburban
72,8,weekday,36.73,941.6,7.383,2026-03-18 08:00:00,2,0,36.73,20.1,suburban
72,9,weekday,37.7,859.1,8.11,2026-03-18 09:00:00,2,0,37.7,21.51,suburban
72,10,weekday,56.36,788.4,16.044,2026-03-18 10:00:00,2,0,56.36,28.47,suburban
72,11,weekday,78.14,753.9,23.938,2026-03-18 11:00:00,2,0,78.14,30.63,motorway
72,12,weekday,86.8,715.7,38.394,2026-03-18 12:00:00,2,0,86.8,44.23,motorway
72,13,weekday,86.4,643.6,36.531,2026-03-18 13:00:00,2,0,86.4,42.28,motorway
72,14,weekday,85.12,595.8,30.507,2026-03-18 14:00:00,2,0,85.12,35.84,motorway
72,15,weekday,73.07,541.4,23.595,2026-03-18 15:00:00,2,0,73.07,32.29,motorway
72,16,weekday,54.64,490.1,14.314,2026-03-18 16:00:00,2,0,54.64,26.2,suburban
72,17,weekday,36.43,474.0,7.797,2026-03-18 17:00:00,2,0,36.43,21.4,suburban
72,18,weekday,27.74,356.8,5.695,2026-03-18 18:00:00,2,0,27.74,20.53,urban
72,19,weekday,38.28,327.7,6.845,2026-03-18 19:00:00,2,0,38.28,17.88,suburban
72,20,weekday,57.96,298.8,14.368,2026-03-18 20:00:00,2,0,57.96,24.79,suburban
72,21,weekday,75.76,223.8,23.997,2026-03-18 21:00:00,2,0,75.76,31.68,motorway
72,22,weekday,84.43,152.8,33.279,2026-03-18 22:00:00,2,0,84.43,39.42,motorway
72,23,weekday,0.0,0.0,0.566,2026-03-18 23:00:00,2,0,0.0,,parked
73,0,weekday,0.0,0.0,0.53,2026-03-19 00:00:00,3,0,0.0,,parked
73,1,weekday,0.0,0.0,0.551,2026-03-19 01:00:00,3,0,0.0,,parked
73,2,weekday,0.0,0.0,0.589,2026-03-19 02:00:00,3,0,0.0,,parked
73,3,weekday,0.0,0.0,0.647,2026-03-19 03:00:00,3,0,0.0,,parked
73,4,weekday,0.0,0.0,0.68,2026-03-19 04:00:00,3,0,0.0,,parked
73,5,weekday,86.1,785.0,34.53,2026-03-19 05:00:00,3,0,86.1,40.1,motorway
73,6,weekday,76.45,781.9,35.243,2026-03-19 06:00:00,3,0,76.45,46.1,motorway
73,7,weekday,57.92,699.9,20.996,2026-03-19 07:00:00,3,0,57.92,36.25,suburban
73,8,weekday,36.39,678.6,9.728,2026-03-19 08:00:00,3,0,36.39,26.73,suburban
73,9,weekday,37.31,641.3,8.379,2026-03-19 09:00:00,3,0,37.31,22.46,suburban
73,10,weekday,55.63,648.9,14.21,2026-03-19 10:00:00,3,0,55.63,25.54,suburban
73,11,weekday,74.88,540.5,21.004,2026-03-19 11:00:00,3,0,74.88,28.05,motorway
73,12,weekday,86.78,525.4,37.013,2026-03-19 12:00:00,3,0,86.78,42.65,motorway
73,13,weekday,86.06,473.7,32.298,2026-03-19 13:00:00,3,0,86.06,37.53,motorway
73,14,weekday,80.25,447.1,34.801,2026-03-19 14:00:00,3,0,80.25,43.37,motorway
73,15,weekday,73.89,437.2,22.501,2026-03-19 15:00:00,3,0,73.89,30.45,motorway
73,16,weekday,58.28,410.5,14.645,2026-03-19 16:00:00,3,0,58.28,25.13,suburban
73,17,weekday,35.2,349.8,5.545,2026-03-19 17:00:00,3,0,35.2,15.75,suburban
73,18,weekday,28.15,278.9,5.58,2026-03-19 18:00:00,3,0,28.15,19.82,urban
73,19,weekday,36.4,239.0,8.164,2026-03-19 19:00:00,3,0,36.4,22.43,suburban
73,20,weekday,57.79,209.7,15.35,2026-03-19 20:00:00,3,0,57.79,26.56,suburban
73,21,weekday,70.61,128.4,19.514,2026-03-19 21:00:00,3,0,70.61,27.64,motorway
73,22,weekday,84.8,124.4,24.387,2026-03-19 22:00:00,3,0,84.8,28.76,motorway
73,23,weekday,0.0,0.0,0.656,2026-03-19 23:00:00,3,0,0.0,,parked
74,0,holiday,0.0,0.0,0.571,2026-03-20 00:00:00,4,0,0.0,,parked
74,1,holiday,0.0,0.0,0.594,2026-03-20 01:00:00,4,0,0.0,,parked
74,2,holiday,0.0,0.0,0.605,2026-03-20 02:00:00,4,0,0.0,,parked
74,3,holiday,0.0,0.0,0.729,2026-03-20 03:00:00,4,0,0.0,,parked
74,4,holiday,0.0,0.0,0.769,2026-03-20 04:00:00,4,0,0.0,,parked
74,5,holiday,88.16,318.8,31.93,2026-03-20 05:00:00,4,0,88.16,36.22,motorway
74,6,holiday,87.45,325.8,26.535,2026-03-20 06:00:00,4,0,87.45,30.34,motorway
74,7,holiday,83.23,266.8,28.873,2026-03-20 07:00:00,4,0,83.23,34.69,motorway
74,8,holiday,80.01,290.7,22.648,2026-03-20 08:00:00,4,0,80.01,28.31,motorway
74,9,holiday,77.62,245.8,24.904,2026-03-20 09:00:00,4,0,77.62,32.08,motorway
74,10,holiday,72.53,241.8,23.208,2026-03-20 10:00:00,4,0,72.53,32.0,motorway
74,11,holiday,72.28,195.0,23.176,2026-03-20 11:00:00,4,0,72.28,32.06,motorway
74,12,holiday,72.77,239.2,22.145,2026-03-20 12:00:00,4,0,72.77,30.43,motorway
74,13,holiday,72.06,190.9,16.628,2026-03-20 13:00:00,4,0,72.06,23.08,motorway
74,14,holiday,75.77,167.1,19.226,2026-03-20 14:00:00,4,0,75.77,25.37,motorway
74,15,holiday,80.05,126.7,18.334,2026-03-20 15:00:00,4,0,80.05,22.9,motorway
74,16,holiday,83.05,117.7,25.419,2026-03-20 16:00:00,4,0,83.05,30.61,motorway
74,17,holiday,83.74,138.4,22.015,2026-03-20 17:00:00,4,0,83.74,26.29,motorway
74,18,holiday,84.14,93.5,27.093,2026-03-20 18:00:00,4,0,84.14,32.2,motorway
74,19,holiday,85.44,84.9,22.802,2026-03-20 19:00:00,4,0,85.44,26.69,motorway
74,20,holiday,89.58,73.2,30.989,2026-03-20 20:00:00,4,0,89.58,34.59,motorway
74,21,holiday,87.77,73.6,21.125,2026-03-20 21:00:00,4,0,87.77,24.07,motorway
74,22,holiday,87.86,75.3,31.031,2026-03-20 22:00:00,4,0,87.86,35.32,motorway
74,23,holiday,0.0,0.0,0.686,2026-03-20 23:00:00,4,0,0.0,,parked
75,0,weekend,0.0,0.0,0.564,2026-03-21 00:00:00,5,1,0.0,,parked
75,1,weekend,0.0,0.0,0.635,2026-03-21 01:00:00,5,1,0.0,,parked
75,2,weekend,0.0,0.0,0.596,2026-03-21 02:00:00,5,1,0.0,,parked
75,3,weekend,0.0,0.0,0.68,2026-03-21 03:00:00,5,1,0.0,,parked
75,4,weekend,0.0,0.0,0.762,2026-03-21 04:00:00,5,1,0.0,,parked
75,5,weekend,86.44,636.3,36.658,2026-03-21 05:00:00,5,1,86.44,42.41,motorway
75,6,weekend,86.49,613.4,36.043,2026-03-21 06:00:00,5,1,86.49,41.67,motorway
75,7,weekend,82.22,566.4,30.815,2026-03-21 07:00:00,5,1,82.22,37.48,motorway
75,8,weekend,75.07,519.4,22.347,2026-03-21 08:00:00,5,1,75.07,29.77,motorway
75,9,weekend,68.8,481.7,21.294,2026-03-21 09:00:00,5,1,68.8,30.95,motorway
75,10,weekend,64.44,453.1,20.604,2026-03-21 10:00:00,5,1,64.44,31.97,motorway
75,11,weekend,57.69,441.5,15.539,2026-03-21 11:00:00,5,1,57.69,26.94,suburban
75,12,weekend,60.18,411.7,20.272,2026-03-21 12:00:00,5,1,60.18,33.69,motorway
75,13,weekend,55.41,332.1,14.888,2026-03-21 13:00:00,5,1,55.41,26.87,suburban
75,14,weekend,51.72,325.5,13.146,2026-03-21 14:00:00,5,1,51.72,25.42,suburban
75,15,weekend,51.08,298.9,14.063,2026-03-21 15:00:00,5,1,51.08,27.53,suburban
75,16,weekend,49.8,273.8,12.053,2026-03-21 16:00:00,5,1,49.8,24.2,suburban
75,17,weekend,51.76,264.8,11.261,2026-03-21 17:00:00,5,1,51.76,21.76,suburban
75,18,weekend,59.27,216.4,11.059,2026-03-21 18:00:00,5,1,59.27,18.66,suburban
75,19,weekend,69.31,192.5,21.303,2026-03-21 19:00:00,5,1,69.31,30.74,motorway
75,20,weekend,78.37,208.9,28.629,2026-03-21 20:00:00,5,1,78.37,36.53,motorway
75,21,weekend,83.58,111.1,30.991,2026-03-21 21:00:00,5,1,83.58,37.08,motorway
75,22,weekend,86.13,78.7,28.628,2026-03-21 22:00:00,5,1,86.13,33.24,motorway
75,23,weekend,0.0,0.0,0.618,2026-03-21 23:00:00,5,1,0.0,,parked
76,0,weekend,0.0,0.0,0.504,2026-03-22 00:00:00,6,1,0.0,,parked
76,1,weekend,0.0,0.0,0.584,2026-03-22 01:00:00,6,1,0.0,,parked
76,2,weekend,0.0,0.0,0.637,2026-03-22 02:00:00,6,1,0.0,,parked
76,3,weekend,0.0,0.0,0.679,2026-03-22 03:00:00,6,1,0.0,,parked
76,4,weekend,0.0,0.0,0.696,2026-03-22 04:00:00,6,1,0.0,,parked
76,5,weekend,87.57,311.3,41.37,2026-03-22 05:00:00,6,1,87.57,47.24,motorway
76,6,weekend,83.47,282.5,28.171,2026-03-22 06:00:00,6,1,83.47,33.75,motorway
76,7,weekend,77.85,301.6,24.184,2026-03-22 07:00:00,6,1,77.85,31.06,motorway
76,8,weekend,74.22,251.9,18.436,2026-03-22 08:00:00,6,1,74.22,24.84,motorway
76,9,weekend,69.42,264.1,19.127,2026-03-22 09:00:00,6,1,69.42,27.55,motorway
76,10,weekend,62.94,261.6,12.449,2026-03-22 10:00:00,6,1,62.94,19.78,motorway
76,11,weekend,59.55,190.9,12.731,2026-03-22 11:00:00,6,1,59.55,21.38,suburban
76,12,weekend,57.0,198.8,12.763,2026-03-22 12:00:00,6,1,57.0,22.39,suburban
76,13,weekend,56.24,179.0,11.808,2026-03-22 13:00:00,6,1,56.24,21.0,suburban
76,14,weekend,55.57,158.1,10.791,2026-03-22 14:00:00,6,1,55.57,19.42,suburban
76,15,weekend,53.83,131.7,10.182,2026-03-22 15:00:00,6,1,53.83,18.92,suburban
76,16,weekend,49.58,161.7,9.27,2026-03-22 16:00:00,6,1,49.58,18.7,suburban
76,17,weekend,52.23,120.0,8.689,2026-03-22 17:00:00,6,1,52.23,16.64,suburban
76,18,weekend,56.93,116.1,7.015,2026-03-22 18:00:00,6,1,56.93,12.32,suburban
76,19,weekend,68.25,99.5,12.399,2026-03-22 19:00:00,6,1,68.25,18.17,motorway
76,20,weekend,77.46,81.7,16.488,2026-03-22 20:00:00,6,1,77.46,21.29,motorway
76,21,weekend,82.7,95.1,23.555,2026-03-22 21:00:00,6,1,82.7,28.48,motorway
76,22,weekend,84.62,35.1,27.564,2026-03-22 22:00:00,6,1,84.62,32.57,motorway
76,23,weekend,0.0,0.0,0.574,2026-03-22 23:00:00,6,1,0.0,,parked
77,0,weekday,0.0,0.0,0.584,2026-03-23 00:00:00,0,0,0.0,,parked
77,1,weekday,0.0,0.0,0.598,2026-03-23 01:00:00,0,0,0.0,,parked
77,2,weekday,0.0,0.0,0.58,2026-03-23 02:00:00,0,0,0.0,,parked
77,3,weekday,0.0,0.0,0.657,2026-03-23 03:00:00,0,0,0.0,,parked
77,4,weekday,0.0,0.0,0.547,2026-03-23 04:00:00,0,0,0.0,,parked
77,5,weekday,85.45,1200.0,30.349,2026-03-23 05:00:00,0,0,85.45,35.52,motorway
77,6,weekday,76.75,1200.0,26.523,2026-03-23 06:00:00,0,0,76.75,34.56,motorway
77,7,weekday,56.25,1200.0,14.597,2026-03-23 07:00:00,0,0,56.25,25.95,suburban
77,8,weekday,34.4,1200.0,7.186,2026-03-23 08:00:00,0,0,34.4,20.89,suburban
77,9,weekday,34.66,1184.4,7.089,2026-03-23 09:00:00,0,0,34.66,20.45,suburban
77,10,weekday,55.77,1095.9,13.509,2026-03-23 10:00:00,0,0,55.77,24.22,suburban
77,11,weekday,76.12,1051.7,25.652,2026-03-23 11:00:00,0,0,76.12,33.7,motorway
77,12,weekday,86.14,968.1,32.79,2026-03-23 12:00:00,0,0,86.14,38.07,motorway
77,13,weekday,85.52,898.5,28.28,2026-03-23 13:00:00,0,0,85.52,33.07,motorway
77,14,weekday,81.45,790.0,29.637,2026-03-23 14:00:00,0,0,81.45,36.39,motorway
77,15,weekday,71.78,726.5,21.182,2026-03-23 15:00:00,0,0,71.78,29.51,motorway
77,16,weekday,55.03,669.3,15.529,2026-03-23 16:00:00,0,0,55.03,28.22,suburban
77,17,weekday,39.53,647.6,5.532,2026-03-23 17:00:00,0,0,39.53,13.99,suburban
77,18,weekday,26.92,518.6,5.05,2026-03-23 18:00:00,0,0,26.92,18.76,urban
77,19,weekday,36.41,430.8,6.554,2026-03-23 19:00:00,0,0,36.41,18.0,suburban
77,20,weekday,53.86,341.3,14.522,2026-03-23 20:00:00,0,0,53.86,26.96,suburban
77,21,weekday,72.83,291.4,21.885,2026-03-23 21:00:00,0,0,72.83,30.05,motorway
77,22,weekday,83.79,194.2,29.789,2026-03-23 22:00:00,0,0,83.79,35.55,motorway
77,23,weekday,0.0,0.0,0.611,2026-03-23 23:00:00,0,0,0.0,,parked
78,0,weekday,0.0,0.0,0.622,2026-03-24 00:00:00,1,0,0.0,,parked
78,1,weekday,0.0,0.0,0.554,2026-03-24 01:00:00,1,0,0.0,,parked
78,2,weekday,0.0,0.0,0.529,2026-03-24 02:00:00,1,0,0.0,,parked
78,3,weekday,0.0,0.0,0.601,2026-03-24 03:00:00,1,0,0.0,,parked
78,4,weekday,0.0,0.0,0.668,2026-03-24 04:00:00,1,0,0.0,,parked
78,5,weekday,85.05,1200.0,30.834,2026-03-24 05:00:00,1,0,85.05,36.25,motorway
78,6,weekday,74.64,1200.0,27.108,2026-03-24 06:00:00,1,0,74.64,36.32,motorway
78,7,weekday,55.72,1200.0,17.518,2026-03-24 07:00:00,1,0,55.72,31.44,suburban
78,8,weekday,37.25,1200.0,9.96,2026-03-24 08:00:00,1,0,37.25,26.74,suburban
78,9,weekday,33.97,1157.3,7.508,2026-03-24 09:00:00,1,0,33.97,22.1,suburban
78,10,weekday,53.59,1105.5,16.83,2026-03-24 10:00:00,1,0,53.59,31.41,suburban
78,11,weekday,75.72,1004.8,31.77,2026-03-24 11:00:00,1,0,75.72,41.96,motorway
78,12,weekday,86.97,954.7,36.411,2026-03-24 12:00:00,1,0,86.97,41.87,motorway
78,13,weekday,87.79,883.2,26.374,2026-03-24 13:00:00,1,0,87.79,30.04,motorway
78,14,weekday,83.79,824.9,25.118,2026-03-24 14:00:00,1,0,83.79,29.98,motorway
78,15,weekday,72.15,717.6,17.62,2026-03-24 15:00:00,1,0,72.15,24.42,motorway
78,16,weekday,54.47,693.5,14.435,2026-03-24 16:00:00,1,0,54.47,26.5,suburban
78,17,weekday,36.12,603.3,7.384,2026-03-24 17:00:00,1,0,36.12,20.44,suburban
78,18,weekday,29.04,513.5,5.922,2026-03-24 18:00:00,1,0,29.04,20.39,urban
78,19,weekday,36.48,452.4,6.847,2026-03-24 19:00:00,1,0,36.48,18.77,suburban
78,20,weekday,58.24,399.8,13.983,2026-03-24 20:00:00,1,0,58.24,24.01,suburban
78,21,weekday,72.59,322.7,19.02,2026-03-24 21:00:00,1,0,72.59,26.2,motorway
78,22,weekday,85.73,220.3,30.568,2026-03-24 22:00:00,1,0,85.73,35.66,motorway
78,23,weekday,0.0,0.0,0.65,2026-03-24 23:00:00,1,0,0.0,,parked
79,0,weekday,0.0,0.0,0.504,2026-03-25 00:00:00,2,0,0.0,,parked
79,1,weekday,0.0,0.0,0.53,2026-03-25 01:00:00,2,0,0.0,,parked
79,2,weekday,0.0,0.0,0.529,2026-03-25 02:00:00,2,0,0.0,,parked
79,3,weekday,0.0,0.0,0.683,2026-03-25 03:00:00,2,0,0.0,,parked
79,4,weekday,0.0,0.0,0.621,2026-03-25 04:00:00,2,0,0.0,,parked
79,5,weekday,84.99,1187.9,35.243,2026-03-25 05:00:00,2,0,84.99,41.47,motorway
79,6,weekday,74.45,1137.0,29.516,2026-03-25 06:00:00,2,0,74.45,39.65,motorway
79,7,weekday,56.99,1074.5,15.774,2026-03-25 07:00:00,2,0,56.99,27.68,suburban
79,8,weekday,34.94,1036.2,7.542,2026-03-25 08:00:00,2,0,34.94,21.59,suburban
79,9,weekday,34.74,989.0,8.995,2026-03-25 09:00:00,2,0,34.74,25.89,suburban
79,10,weekday,57.46,898.4,20.864,2026-03-25 10:00:00,2,0,57.46,36.31,suburban
79,11,weekday,77.77,839.2,31.631,2026-03-25 11:00:00,2,0,77.77,40.67,motorway
79,12,weekday,85.38,765.0,35.536,2026-03-25 12:00:00,2,0,85.38,41.62,motorway
79,13,weekday,85.6,724.9,34.933,2026-03-25 13:00:00,2,0,85.6,40.81,motorway
79,14,weekday,82.7,645.4,35.11,2026-03-25 14:00:00,2,0,82.7,42.45,motorway
79,15,weekday,73.45,628.4,21.33,2026-03-25 15:00:00,2,0,73.45,29.04,motorway
79,16,weekday,55.04,516.9,10.659,2026-03-25 16:00:00,2,0,55.04,19.37,suburban
79,17,weekday,37.96,461.2,6.701,2026-03-25 17:00:00,2,0,37.96,17.65,suburban
79,18,weekday,28.52,413.1,6.138,2026-03-25 18:00:00,2,0,28.52,21.52,urban
79,19,weekday,39.24,347.2,7.146,2026-03-25 19:00:00,2,0,39.24,18.21,suburban
79,20,weekday,55.14,315.1,11.396,2026-03-25 20:00:00,2,0,55.14,20.67,suburban
79,21,weekday,68.44,267.4,14.389,2026-03-25 21:00:00,2,0,68.44,21.02,motorway
79,22,weekday,82.89,155.6,25.978,2026-03-25 22:00:00,2,0,82.89,31.34,motorway
79,23,weekday,0.0,0.0,0.574,2026-03-25 23:00:00,2,0,0.0,,parked
80,0,weekday,0.0,0.0,0.555,2026-03-26 00:00:00,3,0,0.0,,parked
80,1,weekday,0.0,0.0,0.635,2026-03-26 01:00:00,3,0,0.0,,parked
80,2,weekday,0.0,0.0,0.573,2026-03-26 02:00:00,3,0,0.0,,parked
80,3,weekday,0.0,0.0,0.596,2026-03-26 03:00:00,3,0,0.0,,parked
80,4,weekday,0.0,0.0,0.605,2026-03-26 04:00:00,3,0,0.0,,parked
80,5,weekday,85.38,1200.0,37.348,2026-03-26 05:00:00,3,0,85.38,43.74,motorway
80,6,weekday,74.81,1200.0,25.711,2026-03-26 06:00:00,3,0,74.81,34.37,motorway
80,7,weekday,56.46,1200.0,13.201,2026-03-26 07:00:00,3,0,56.46,23.38,suburban
80,8,weekday,36.65,1200.0,7.673,2026-03-26 08:00:00,3,0,36.65,20.94,suburban
80,9,weekday,35.27,1200.0,7.566,2026-03-26 09:00:00,3,0,35.27,21.45,suburban
80,10,weekday,54.88,1200.0,14.15,2026-03-26 10:00:00,3,0,54.88,25.78,suburban
80,11,weekday,76.46,1200.0,31.844,2026-03-26 11:00:00,3,0,76.46,41.65,motorway
80,12,weekday,83.76,1179.8,30.302,2026-03-26 12:00:00,3,0,83.76,36.18,motorway
80,13,weekday,85.31,1125.3,36.165,2026-03-26 13:00:00,3,0,85.31,42.39,motorway
80,14,weekday,81.36,1023.8,35.939,2026-03-26 14:00:00,3,0,81.36,44.17,motorway
80,15,weekday,73.98,918.1,35.145,2026-03-26 15:00:00,3,0,73.98,47.51,motorway
80,16,weekday,53.19,820.2,17.535,2026-03-26 16:00:00,3,0,53.19,32.97,suburban
80,17,weekday,36.08,717.9,9.737,2026-03-26 17:00:00,3,0,36.08,26.99,suburban
80,18,weekday,27.7,671.9,6.416,2026-03-26 18:00:00,3,0,27.7,23.16,urban
80,19,weekday,34.56,553.4,5.694,2026-03-26 19:00:00,3,0,34.56,16.48,suburban
80,20,weekday,53.53,481.3,11.989,2026-03-26 20:00:00,3,0,53.53,22.4,suburban
80,21,weekday,75.2,363.2,21.964,2026-03-26 21:00:00,3,0,75.2,29.21,motorway
80,22,weekday,82.63,277.2,25.111,2026-03-26 22:00:00,3,0,82.63,30.39,motorway
80,23,weekday,0.0,0.0,0.596,2026-03-26 23:00:00,3,0,0.0,,parked
81,0,weekday,0.0,0.0,0.642,2026-03-27 00:00:00,4,0,0.0,,parked
81,1,weekday,0.0,0.0,0.628,2026-03-27 01:00:00,4,0,0.0,,parked
81,2,weekday,0.0,0.0,0.667,2026-03-27 02:00:00,4,0,0.0,,parked
81,3,weekday,0.0,0.0,0.673,2026-03-27 03:00:00,4,0,0.0,,parked
81,4,weekday,0.0,0.0,0.673,2026-03-27 04:00:00,4,0,0.0,,parked
81,5,weekday,85.03,1200.0,37.951,2026-03-27 05:00:00,4,0,85.03,44.63,motorway
81,6,weekday,73.1,1200.0,27.184,2026-03-27 06:00:00,4,0,73.1,37.19,motorway
81,7,weekday,58.64,1127.2,20.315,2026-03-27 07:00:00,4,0,58.64,34.64,suburban
81,8,weekday,39.06,1080.7,8.443,2026-03-27 08:00:00,4,0,39.06,21.62,suburban
81,9,weekday,33.71,990.9,8.496,2026-03-27 09:00:00,4,0,33.71,25.2,suburban
81,10,weekday,57.29,945.0,15.912,2026-03-27 10:00:00,4,0,57.29,27.77,suburban
81,11,weekday,79.01,860.9,21.045,2026-03-27 11:00:00,4,0,79.01,26.64,motorway
81,12,weekday,83.68,817.8,20.606,2026-03-27 12:00:00,4,0,83.68,24.62,motorway
81,13,weekday,85.42,723.2,26.932,2026-03-27 13:00:00,4,0,85.42,31.53,motorway
81,14,weekday,82.48,685.9,29.538,2026-03-27 14:00:00,4,0,82.48,35.81,motorway
81,15,weekday,72.57,602.0,23.959,2026-03-27 15:00:00,4,0,72.57,33.02,motorway
81,16,weekday,53.44,542.8,12.748,2026-03-27 16:00:00,4,0,53.44,23.85,suburban
81,17,weekday,35.44,512.5,6.047,2026-03-27 17:00:00,4,0,35.44,17.06,suburban
81,18,weekday,27.5,432.5,4.557,2026-03-27 18:00:00,4,0,27.5,16.57,urban
81,19,weekday,35.98,365.9,5.651,2026-03-27 19:00:00,4,0,35.98,15.71,suburban
81,20,weekday,57.85,321.2,10.539,2026-03-27 20:00:00,4,0,57.85,18.22,suburban
81,21,weekday,73.22,273.5,18.121,2026-03-27 21:00:00,4,0,73.22,24.75,motorway
81,22,weekday,82.98,216.7,30.828,2026-03-27 22:00:00,4,0,82.98,37.15,motorway
81,23,weekday,0.0,0.0,0.611,2026-03-27 23:00:00,4,0,0.0,,parked
82,0,weekend,0.0,0.0,0.63,2026-03-28 00:00:00,5,1,0.0,,parked
82,1,weekend,0.0,0.0,0.547,2026-03-28 01:00:00,5,1,0.0,,parked
82,2,weekend,0.0,0.0,0.53,2026-03-28 02:00:00,5,1,0.0,,parked
82,3,weekend,0.0,0.0,0.585,2026-03-28 03:00:00,5,1,0.0,,parked
82,4,weekend,0.0,0.0,0.613,2026-03-28 04:00:00,5,1,0.0,,parked
82,5,weekend,87.91,710.6,44.301,2026-03-28 05:00:00,5,1,87.91,50.39,motorway
82,6,weekend,84.12,727.4,34.414,2026-03-28 06:00:00,5,1,84.12,40.91,motorway
82,7,weekend,81.52,688.6,35.083,2026-03-28 07:00:00,5,1,81.52,43.04,motorway
82,8,weekend,77.52,658.6,24.325,2026-03-28 08:00:00,5,1,77.52,31.38,motorway
82,9,weekend,67.54,632.8,25.715,2026-03-28 09:00:00,5,1,67.54,38.07,motorway
82,10,weekend,61.95,577.7,21.352,2026-03-28 10:00:00,5,1,61.95,34.47,motorway
82,11,weekend,60.2,546.3,17.523,2026-03-28 11:00:00,5,1,60.2,29.11,motorway
82,12,weekend,58.61,494.3,19.952,2026-03-28 12:00:00,5,1,58.61,34.04,suburban
82,13,weekend,56.99,475.8,13.227,2026-03-28 13:00:00,5,1,56.99,23.21,suburban
82,14,weekend,54.37,396.2,15.225,2026-03-28 14:00:00,5,1,54.37,28.0,suburban
82,15,weekend,53.63,374.1,16.308,2026-03-28 15:00:00,5,1,53.63,30.41,suburban
82,16,weekend,50.51,325.3,13.059,2026-03-28 16:00:00,5,1,50.51,25.85,suburban
82,17,weekend,52.85,280.5,12.841,2026-03-28 17:00:00,5,1,52.85,24.3,suburban
82,18,weekend,58.52,270.4,19.706,2026-03-28 18:00:00,5,1,58.52,33.67,suburban
82,19,weekend,67.94,222.7,20.884,2026-03-28 19:00:00,5,1,67.94,30.74,motorway
82,20,weekend,74.2,199.8,28.613,2026-03-28 20:00:00,5,1,74.2,38.56,motorway
82,21,weekend,81.92,159.1,31.827,2026-03-28 21:00:00,5,1,81.92,38.85,motorway
82,22,weekend,86.38,93.4,38.315,2026-03-28 22:00:00,5,1,86.38,44.36,motorway
82,23,weekend,0.0,0.0,0.634,2026-03-28 23:00:00,5,1,0.0,,parked
83,0,weekend,0.0,0.0,0.564,2026-03-29 00:00:00,6,1,0.0,,parked
83,1,weekend,0.0,0.0,0.549,2026-03-29 01:00:00,6,1,0.0,,parked
83,2,weekend,0.0,0.0,0.615,2026-03-29 02:00:00,6,1,0.0,,parked
83,3,weekend,0.0,0.0,0.543,2026-03-29 03:00:00,6,1,0.0,,parked
83,4,weekend,0.0,0.0,0.681,2026-03-29 04:00:00,6,1,0.0,,parked
83,5,weekend,85.6,367.9,30.191,2026-03-29 05:00:00,6,1,85.6,35.27,motorway
83,6,weekend,83.93,367.6,28.585,2026-03-29 06:00:00,6,1,83.93,34.06,motorway
83,7,weekend,79.5,395.6,23.387,2026-03-29 07:00:00,6,1,79.5,29.42,motorway
83,8,weekend,79.51,334.7,21.135,2026-03-29 08:00:00,6,1,79.51,26.58,motorway
83,9,weekend,67.04,325.3,18.102,2026-03-29 09:00:00,6,1,67.04,27.0,motorway
83,10,weekend,65.4,299.2,18.003,2026-03-29 10:00:00,6,1,65.4,27.53,motorway
83,11,weekend,58.87,280.9,15.665,2026-03-29 11:00:00,6,1,58.87,26.61,suburban
83,12,weekend,60.69,266.5,15.551,2026-03-29 12:00:00,6,1,60.69,25.62,motorway
83,13,weekend,57.12,205.3,13.659,2026-03-29 13:00:00,6,1,57.12,23.91,suburban
83,14,weekend,54.25,217.9,12.73,2026-03-29 14:00:00,6,1,54.25,23.47,suburban
83,15,weekend,53.07,195.3,11.441,2026-03-29 15:00:00,6,1,53.07,21.56,suburban
83,16,weekend,50.43,171.1,12.727,2026-03-29 16:00:00,6,1,50.43,25.24,suburban
83,17,weekend,55.23,181.3,14.59,2026-03-29 17:00:00,6,1,55.23,26.42,suburban
83,18,weekend,60.27,135.8,15.528,2026-03-29 18:00:00,6,1,60.27,25.76,motorway
83,19,weekend,67.35,120.2,20.076,2026-03-29 19:00:00,6,1,67.35,29.81,motorway
83,20,weekend,75.27,110.2,23.854,2026-03-29 20:00:00,6,1,75.27,31.69,motorway
83,21,weekend,81.33,55.3,30.238,2026-03-29 21:00:00,6,1,81.33,37.18,motorway
83,22,weekend,84.49,82.7,26.245,2026-03-29 22:00:00,6,1,84.49,31.06,motorway
83,23,weekend,0.0,0.0,0.574,2026-03-29 23:00:00,6,1,0.0,,parked
84,0,weekday,0.0,0.0,0.579,2026-03-30 00:00:00,0,0,0.0,,parked
84,1,weekday,0.0,0.0,0.542,2026-03-30 01:00:00,0,0,0.0,,parked
84,2,weekday,0.0,0.0,0.647,2026-03-30 02:00:00,0,0,0.0,,parked
84,3,weekday,0.0,0.0,0.591,2026-03-30 03:00:00,0,0,0.0,,parked
84,4,weekday,0.0,0.0,0.668,2026-03-30 04:00:00,0,0,0.0,,parked
84,5,weekday,85.81,1200.0,28.998,2026-03-30 05:00:00,0,0,85.81,33.79,motorway
84,6,weekday,74.28,1200.0,19.978,2026-03-30 06:00:00,0,0,74.28,26.9,motorway
84,7,weekday,57.43,1200.0,12.516,2026-03-30 07:00:00,0,0,57.43,21.79,suburban
84,8,weekday,34.28,1200.0,5.375,2026-03-30 08:00:00,0,0,34.28,15.68,suburban
84,9,weekday,34.05,1200.0,6.432,2026-03-30 09:00:00,0,0,34.05,18.89,suburban
84,10,weekday,54.77,1099.8,15.105,2026-03-30 10:00:00,0,0,54.77,27.58,suburban
84,11,weekday,79.1,1040.0,37.249,2026-03-30 11:00:00,0,0,79.1,47.09,motorway
84,12,weekday,86.96,946.1,38.663,2026-03-30 12:00:00,0,0,86.96,44.46,motorway
84,13,weekday,84.73,900.0,24.298,2026-03-30 13:00:00,0,0,84.73,28.68,motorway
84,14,weekday,84.26,806.5,26.997,2026-03-30 14:00:00,0,0,84.26,32.04,motorway
84,15,weekday,71.59,740.2,20.191,2026-03-30 15:00:00,0,0,71.59,28.2,motorway
84,16,weekday,58.15,653.6,14.712,2026-03-30 16:00:00,0,0,58.15,25.3,suburban
84,17,weekday,36.69,617.5,6.534,2026-03-30 17:00:00,0,0,36.69,17.81,suburban
84,18,weekday,28.83,528.0,5.024,2026-03-30 18:00:00,0,0,28.83,17.43,urban
84,19,weekday,39.37,454.8,7.258,2026-03-30 19:00:00,0,0,39.37,18.44,suburban
84,20,weekday,53.44,380.3,11.005,2026-03-30 20:00:00,0,0,53.44,20.59,suburban
84,21,weekday,76.28,291.8,21.256,2026-03-30 21:00:00,0,0,76.28,27.87,motorway
84,22,weekday,81.5,213.7,32.238,2026-03-30 22:00:00,0,0,81.5,39.56,motorway
84,23,weekday,0.0,0.0,0.546,2026-03-30 23:00:00,0,0,0.0,,parked
85,0,weekday,0.0,0.0,0.529,2026-03-31 00:00:00,1,0,0.0,,parked
85,1,weekday,0.0,0.0,0.646,2026-03-31 01:00:00,1,0,0.0,,parked
85,2,weekday,0.0,0.0,0.578,2026-03-31 02:00:00,1,0,0.0,,parked
85,3,weekday,0.0,0.0,0.583,2026-03-31 03:00:00,1,0,0.0,,parked
85,4,weekday,0.0,0.0,0.672,2026-03-31 04:00:00,1,0,0.0,,parked
85,5,weekday,85.61,1068.2,36.392,2026-03-31 05:00:00,1,0,85.61,42.51,motorway
85,6,weekday,75.8,1011.1,25.509,2026-03-31 06:00:00,1,0,75.8,33.65,motorway
85,7,weekday,56.94,923.8,13.192,2026-03-31 07:00:00,1,0,56.94,23.17,suburban
85,8,weekday,34.18,939.4,6.486,2026-03-31 08:00:00,1,0,34.18,18.98,suburban
85,9,weekday,34.73,853.1,6.055,2026-03-31 09:00:00,1,0,34.73,17.43,suburban
85,10,weekday,55.05,794.5,10.424,2026-03-31 10:00:00,1,0,55.05,18.94,suburban
85,11,weekday,78.79,763.4,26.092,2026-03-31 11:00:00,1,0,78.79,33.12,motorway
85,12,weekday,86.32,684.4,31.424,2026-03-31 12:00:00,1,0,86.32,36.4,motorway
85,13,weekday,86.51,690.0,36.881,2026-03-31 13:00:00,1,0,86.51,42.63,motorway
85,14,weekday,82.66,613.5,44.002,2026-03-31 14:00:00,1,0,82.66,53.23,motorway
85,15,weekday,72.31,512.7,22.397,2026-03-31 15:00:00,1,0,72.31,30.97,motorway
85,16,weekday,55.34,481.1,15.775,2026-03-31 16:00:00,1,0,55.34,28.51,suburban
85,17,weekday,38.51,419.7,7.194,2026-03-31 17:00:00,1,0,38.51,18.68,suburban
85,18,weekday,30.06,371.3,4.379,2026-03-31 18:00:00,1,0,30.06,14.57,suburban
85,19,weekday,36.88,299.4,6.719,2026-03-31 19:00:00,1,0,36.88,18.22,suburban
85,20,weekday,53.62,280.1,10.93,2026-03-31 20:00:00,1,0,53.62,20.38,suburban
85,21,weekday,72.34,238.1,19.758,2026-03-31 21:00:00,1,0,72.34,27.31,motorway
85,22,weekday,82.26,169.3,29.614,2026-03-31 22:00:00,1,0,82.26,36.0,motorway
85,23,weekday,0.0,0.0,0.659,2026-03-31 23:00:00,1,0,0.0,,parked
86,0,weekday,0.0,0.0,0.546,2026-04-01 00:00:00,2,0,0.0,,parked
86,1,weekday,0.0,0.0,0.517,2026-04-01 01:00:00,2,0,0.0,,parked
86,2,weekday,0.0,0.0,0.523,2026-04-01 02:00:00,2,0,0.0,,parked
86,3,weekday,0.0,0.0,0.622,2026-04-01 03:00:00,2,0,0.0,,parked
86,4,weekday,0.0,0.0,0.689,2026-04-01 04:00:00,2,0,0.0,,parked
86,5,weekday,87.18,733.0,27.686,2026-04-01 05:00:00,2,0,87.18,31.76,motorway
86,6,weekday,74.53,697.6,18.411,2026-04-01 06:00:00,2,0,74.53,24.7,motorway
86,7,weekday,55.34,670.3,10.561,2026-04-01 07:00:00,2,0,55.34,19.08,suburban
86,8,weekday,36.32,644.0,6.017,2026-04-01 08:00:00,2,0,36.32,16.57,suburban
86,9,weekday,35.74,619.9,5.642,2026-04-01 09:00:00,2,0,35.74,15.79,suburban
86,10,weekday,60.66,546.7,11.469,2026-04-01 10:00:00,2,0,60.66,18.91,motorway
86,11,weekday,72.45,520.2,19.905,2026-04-01 11:00:00,2,0,72.45,27.47,motorway
86,12,weekday,84.6,497.0,21.197,2026-04-01 12:00:00,2,0,84.6,25.06,motorway
86,13,weekday,86.07,426.7,22.49,2026-04-01 13:00:00,2,0,86.07,26.13,motorway
86,14,weekday,83.22,401.9,20.68,2026-04-01 14:00:00,2,0,83.22,24.85,motorway
86,15,weekday,73.35,339.2,17.944,2026-04-01 15:00:00,2,0,73.35,24.46,motorway
86,16,weekday,55.39,352.3,9.778,2026-04-01 16:00:00,2,0,55.39,17.65,suburban
86,17,weekday,38.75,309.6,6.491,2026-04-01 17:00:00,2,0,38.75,16.75,suburban
86,18,weekday,29.62,259.9,4.519,2026-04-01 18:00:00,2,0,29.62,15.26,urban
86,19,weekday,35.29,212.4,5.971,2026-04-01 19:00:00,2,0,35.29,16.92,suburban
86,20,weekday,55.47,205.8,10.668,2026-04-01 20:00:00,2,0,55.47,19.23,suburban
86,21,weekday,74.74,147.4,18.246,2026-04-01 21:00:00,2,0,74.74,24.41,motorway
86,22,weekday,84.07,79.4,25.192,2026-04-01 22:00:00,2,0,84.07,29.97,motorway
86,23,weekday,0.0,0.0,0.698,2026-04-01 23:00:00,2,0,0.0,,parked
87,0,weekday,0.0,0.0,0.571,2026-04-02 00:00:00,3,0,0.0,,parked
87,1,weekday,0.0,0.0,0.613,2026-04-02 01:00:00,3,0,0.0,,parked
87,2,weekday,0.0,0.0,0.592,2026-04-02 02:00:00,3,0,0.0,,parked
87,3,weekday,0.0,0.0,0.606,2026-04-02 03:00:00,3,0,0.0,,parked
87,4,weekday,0.0,0.0,0.692,2026-04-02 04:00:00,3,0,0.0,,parked
87,5,weekday,85.83,991.3,35.783,2026-04-02 05:00:00,3,0,85.83,41.69,motorway
87,6,weekday,78.47,947.3,26.057,2026-04-02 06:00:00,3,0,78.47,33.21,motorway
87,7,weekday,52.9,873.9,14.346,2026-04-02 07:00:00,3,0,52.9,27.12,suburban
87,8,weekday,35.64,775.9,6.883,2026-04-02 08:00:00,3,0,35.64,19.31,suburban
87,9,weekday,36.16,806.3,7.364,2026-04-02 09:00:00,3,0,36.16,20.37,suburban
87,10,weekday,54.46,733.8,12.105,2026-04-02 10:00:00,3,0,54.46,22.23,suburban
87,11,weekday,74.97,718.8,20.036,2026-04-02 11:00:00,3,0,74.97,26.73,motorway
87,12,weekday,84.54,603.7,30.327,2026-04-02 12:00:00,3,0,84.54,35.87,motorway
87,13,weekday,85.58,589.2,23.468,2026-04-02 13:00:00,3,0,85.58,27.42,motorway
87,14,weekday,80.14,525.1,18.682,2026-04-02 14:00:00,3,0,80.14,23.31,motorway
87,15,weekday,74.49,467.6,17.23,2026-04-02 15:00:00,3,0,74.49,23.13,motorway
87,16,weekday,57.08,440.0,11.88,2026-04-02 16:00:00,3,0,57.08,20.81,suburban
87,17,weekday,37.23,363.5,4.639,2026-04-02 17:00:00,3,0,37.23,12.46,suburban
87,18,weekday,28.65,353.8,5.226,2026-04-02 18:00:00,3,0,28.65,18.24,urban
87,19,weekday,35.89,303.6,7.079,2026-04-02 19:00:00,3,0,35.89,19.72,suburban
87,20,weekday,55.16,232.9,13.092,2026-04-02 20:00:00,3,0,55.16,23.73,suburban
87,21,weekday,73.67,205.8,35.852,2026-04-02 21:00:00,3,0,73.67,48.67,motorway
87,22,weekday,80.97,143.7,31.24,2026-04-02 22:00:00,3,0,80.97,38.58,motorway
87,23,weekday,0.0,0.0,0.604,2026-04-02 23:00:00,3,0,0.0,,parked
88,0,weekday,0.0,0.0,0.569,2026-04-03 00:00:00,4,0,0.0,,parked
88,1,weekday,0.0,0.0,0.599,2026-04-03 01:00:00,4,0,0.0,,parked
88,2,weekday,0.0,0.0,0.6,2026-04-03 02:00:00,4,0,0.0,,parked
88,3,weekday,0.0,0.0,0.632,2026-04-03 03:00:00,4,0,0.0,,parked
88,4,weekday,0.0,0.0,0.725,2026-04-03 04:00:00,4,0,0.0,,parked
88,5,weekday,85.21,762.5,36.786,2026-04-03 05:00:00,4,0,85.21,43.17,motorway
88,6,weekday,77.25,683.1,28.397,2026-04-03 06:00:00,4,0,77.25,36.76,motorway
88,7,weekday,55.72,629.5,13.964,2026-04-03 07:00:00,4,0,55.72,25.06,suburban
88,8,weekday,37.36,633.2,6.231,2026-04-03 08:00:00,4,0,37.36,16.68,suburban
88,9,weekday,34.62,594.5,7.262,2026-04-03 09:00:00,4,0,34.62,20.98,suburban
88,10,weekday,56.3,548.4,16.255,2026-04-03 10:00:00,4,0,56.3,28.87,suburban
88,11,weekday,78.23,531.1,29.262,2026-04-03 11:00:00,4,0,78.23,37.41,motorway
88,12,weekday,86.98,466.5,30.462,2026-04-03 12:00:00,4,0,86.98,35.02,motorway
88,13,weekday,84.64,478.6,23.298,2026-04-03 13:00:00,4,0,84.64,27.53,motorway
88,14,weekday,83.07,394.1,28.555,2026-04-03 14:00:00,4,0,83.07,34.37,motorway
88,15,weekday,73.02,344.3,18.31,2026-04-03 15:00:00,4,0,73.02,25.08,motorway
88,16,weekday,56.02,299.7,13.616,2026-04-03 16:00:00,4,0,56.02,24.31,suburban
88,17,weekday,35.77,307.7,6.269,2026-04-03 17:00:00,4,0,35.77,17.53,suburban
88,18,weekday,30.77,255.8,4.631,2026-04-03 18:00:00,4,0,30.77,15.05,suburban
88,19,weekday,38.35,209.1,5.223,2026-04-03 19:00:00,4,0,38.35,13.62,suburban
88,20,weekday,57.63,199.6,10.84,2026-04-03 20:00:00,4,0,57.63,18.81,suburban
88,21,weekday,74.16,141.0,21.776,2026-04-03 21:00:00,4,0,74.16,29.36,motorway
88,22,weekday,81.67,109.9,28.787,2026-04-03 22:00:00,4,0,81.67,35.25,motorway
88,23,weekday,0.0,0.0,0.615,2026-04-03 23:00:00,4,0,0.0,,parked
89,0,weekend,0.0,0.0,0.473,2026-04-04 00:00:00,5,1,0.0,,parked
89,1,weekend,0.0,0.0,0.543,2026-04-04 01:00:00,5,1,0.0,,parked
89,2,weekend,0.0,0.0,0.585,2026-04-04 02:00:00,5,1,0.0,,parked
89,3,weekend,0.0,0.0,0.659,2026-04-04 03:00:00,5,1,0.0,,parked
89,4,weekend,0.0,0.0,0.697,2026-04-04 04:00:00,5,1,0.0,,parked
89,5,weekend,87.48,577.4,33.372,2026-04-04 05:00:00,5,1,87.48,38.15,motorway
89,6,weekend,85.74,529.8,38.774,2026-04-04 06:00:00,5,1,85.74,45.22,motorway
89,7,weekend,77.2,483.6,23.331,2026-04-04 07:00:00,5,1,77.2,30.22,motorway
89,8,weekend,74.47,526.1,23.33,2026-04-04 08:00:00,5,1,74.47,31.33,motorway
89,9,weekend,67.78,483.9,18.048,2026-04-04 09:00:00,5,1,67.78,26.63,motorway
89,10,weekend,64.34,440.6,13.878,2026-04-04 10:00:00,5,1,64.34,21.57,motorway
89,11,weekend,61.15,420.1,12.487,2026-04-04 11:00:00,5,1,61.15,20.42,motorway
89,12,weekend,61.21,396.8,16.66,2026-04-04 12:00:00,5,1,61.21,27.22,motorway
89,13,weekend,56.01,362.9,12.703,2026-04-04 13:00:00,5,1,56.01,22.68,suburban
89,14,weekend,53.94,324.1,11.942,2026-04-04 14:00:00,5,1,53.94,22.14,suburban
89,15,weekend,52.87,299.6,10.04,2026-04-04 15:00:00,5,1,52.87,18.99,suburban
89,16,weekend,48.36,276.7,9.784,2026-04-04 16:00:00,5,1,48.36,20.23,suburban
89,17,weekend,51.74,246.5,10.452,2026-04-04 17:00:00,5,1,51.74,20.2,suburban
89,18,weekend,60.45,227.8,13.826,2026-04-04 18:00:00,5,1,60.45,22.87,motorway
89,19,weekend,69.78,171.3,17.26,2026-04-04 19:00:00,5,1,69.78,24.73,motorway
89,20,weekend,75.86,102.6,18.67,2026-04-04 20:00:00,5,1,75.86,24.61,motorway
89,21,weekend,81.51,155.9,21.735,2026-04-04 21:00:00,5,1,81.51,26.67,motorway
89,22,weekend,84.18,79.3,26.818,2026-04-04 22:00:00,5,1,84.18,31.86,motorway
89,23,weekend,0.0,0.0,0.589,2026-04-04 23:00:00,5,1,0.0,,parked
90,0,weekend,0.0,0.0,0.613,2026-04-05 00:00:00,6,1,0.0,,parked
90,1,weekend,0.0,0.0,0.56,2026-04-05 01:00:00,6,1,0.0,,parked
90,2,weekend,0.0,0.0,0.525,2026-04-05 02:00:00,6,1,0.0,,parked
90,3,weekend,0.0,0.0,0.653,2026-04-05 03:00:00,6,1,0.0,,parked
90,4,weekend,0.0,0.0,0.667,2026-04-05 04:00:00,6,1,0.0,,parked
90,5,weekend,85.86,556.2,32.921,2026-04-05 05:00:00,6,1,85.86,38.34,motorway
90,6,weekend,83.47,497.5,24.245,2026-04-05 06:00:00,6,1,83.47,29.05,motorway
90,7,weekend,82.28,454.2,25.543,2026-04-05 07:00:00,6,1,82.28,31.04,motorway
90,8,weekend,74.54,458.7,18.173,2026-04-05 08:00:00,6,1,74.54,24.38,motorway
90,9,weekend,65.33,429.9,13.042,2026-04-05 09:00:00,6,1,65.33,19.96,motorway
90,10,weekend,64.27,407.2,14.036,2026-04-05 10:00:00,6,1,64.27,21.84,motorway
90,11,weekend,58.51,372.2,9.854,2026-04-05 11:00:00,6,1,58.51,16.84,suburban
90,12,weekend,58.46,336.5,12.816,2026-04-05 12:00:00,6,1,58.46,21.92,suburban
90,13,weekend,56.11,277.1,12.14,2026-04-05 13:00:00,6,1,56.11,21.64,suburban
90,14,weekend,54.01,299.1,11.657,2026-04-05 14:00:00,6,1,54.01,21.58,suburban
90,15,weekend,52.9,234.3,10.563,2026-04-05 15:00:00,6,1,52.9,19.97,suburban
90,16,weekend,52.48,226.1,10.232,2026-04-05 16:00:00,6,1,52.48,19.5,suburban
90,17,weekend,52.78,188.4,14.161,2026-04-05 17:00:00,6,1,52.78,26.83,suburban
90,18,weekend,59.24,191.2,13.248,2026-04-05 18:00:00,6,1,59.24,22.36,suburban
90,19,weekend,67.73,153.2,15.277,2026-04-05 19:00:00,6,1,67.73,22.56,motorway
90,20,weekend,75.87,143.5,25.829,2026-04-05 20:00:00,6,1,75.87,34.04,motorway
90,21,weekend,81.44,74.3,28.527,2026-04-05 21:00:00,6,1,81.44,35.03,motorway
90,22,weekend,87.29,55.0,30.55,2026-04-05 22:00:00,6,1,87.29,35.0,motorway
90,23,weekend,0.0,0.0,0.696,2026-04-05 23:00:00,6,1,0.0,,parked
91,0,weekday,0.0,0.0,0.549,2026-04-06 00:00:00,0,0,0.0,,parked
91,1,weekday,0.0,0.0,0.504,2026-04-06 01:00:00,0,0,0.0,,parked
91,2,weekday,0.0,0.0,0.527,2026-04-06 02:00:00,0,0,0.0,,parked
91,3,weekday,0.0,0.0,0.631,2026-04-06 03:00:00,0,0,0.0,,parked
91,4,weekday,0.0,0.0,0.71,2026-04-06 04:00:00,0,0,0.0,,parked
91,5,weekday,84.08,1200.0,30.1,2026-04-06 05:00:00,0,0,84.08,35.8,motorway
91,6,weekday,77.6,1200.0,20.347,2026-04-06 06:00:00,0,0,77.6,26.22,motorway
91,7,weekday,56.48,1200.0,14.103,2026-04-06 07:00:00,0,0,56.48,24.97,suburban
91,8,weekday,33.87,1180.4,8.149,2026-04-06 08:00:00,0,0,33.87,24.06,suburban
91,9,weekday,37.19,1102.5,9.676,2026-04-06 09:00:00,0,0,37.19,26.02,suburban
91,10,weekday,56.88,1052.8,20.4,2026-04-06 10:00:00,0,0,56.88,35.86,suburban
91,11,weekday,74.63,997.4,27.431,2026-04-06 11:00:00,0,0,74.63,36.76,motorway
91,12,weekday,85.32,855.1,33.455,2026-04-06 12:00:00,0,0,85.32,39.21,motorway
91,13,weekday,87.79,853.3,34.978,2026-04-06 13:00:00,0,0,87.79,39.84,motorway
91,14,weekday,80.65,775.7,30.457,2026-04-06 14:00:00,0,0,80.65,37.76,motorway
91,15,weekday,76.22,660.6,27.469,2026-04-06 15:00:00,0,0,76.22,36.04,motorway
91,16,weekday,55.89,625.3,13.739,2026-04-06 16:00:00,0,0,55.89,24.58,suburban
91,17,weekday,34.93,534.8,6.656,2026-04-06 17:00:00,0,0,34.93,19.06,suburban
91,18,weekday,26.16,485.2,5.677,2026-04-06 18:00:00,0,0,26.16,21.7,urban
91,19,weekday,37.89,415.5,7.327,2026-04-06 19:00:00,0,0,37.89,19.34,suburban
91,20,weekday,55.6,336.0,12.064,2026-04-06 20:00:00,0,0,55.6,21.7,suburban
91,21,weekday,72.42,288.2,20.507,2026-04-06 21:00:00,0,0,72.42,28.32,motorway
91,22,weekday,82.05,225.4,30.653,2026-04-06 22:00:00,0,0,82.05,37.36,motorway
91,23,weekday,0.0,0.0,0.567,2026-04-06 23:00:00,0,0,0.0,,parked
92,0,weekday,0.0,0.0,0.494,2026-04-07 00:00:00,1,0,0.0,,parked
92,1,weekday,0.0,0.0,0.565,2026-04-07 01:00:00,1,0,0.0,,parked
92,2,weekday,0.0,0.0,0.568,2026-04-07 02:00:00,1,0,0.0,,parked
92,3,weekday,0.0,0.0,0.708,2026-04-07 03:00:00,1,0,0.0,,parked
92,4,weekday,0.0,0.0,0.612,2026-04-07 04:00:00,1,0,0.0,,parked
92,5,weekday,85.22,1033.7,31.914,2026-04-07 05:00:00,1,0,85.22,37.45,motorway
92,6,weekday,78.25,932.9,27.916,2026-04-07 06:00:00,1,0,78.25,35.68,motorway
92,7,weekday,57.32,865.4,15.177,2026-04-07 07:00:00,1,0,57.32,26.48,suburban
92,8,weekday,36.35,838.8,6.245,2026-04-07 08:00:00,1,0,36.35,17.18,suburban
92,9,weekday,33.81,784.8,4.708,2026-04-07 09:00:00,1,0,33.81,13.92,suburban
92,10,weekday,57.33,790.1,11.884,2026-04-07 10:00:00,1,0,57.33,20.73,suburban
92,11,weekday,75.35,661.6,23.019,2026-04-07 11:00:00,1,0,75.35,30.55,motorway
92,12,weekday,85.33,629.8,22.218,2026-04-07 12:00:00,1,0,85.33,26.04,motorway
92,13,weekday,85.61,563.0,35.661,2026-04-07 13:00:00,1,0,85.61,41.66,motorway
92,14,weekday,84.53,531.5,28.518,2026-04-07 14:00:00,1,0,84.53,33.74,motorway
92,15,weekday,73.93,511.8,23.08,2026-04-07 15:00:00,1,0,73.93,31.22,motorway
92,16,weekday,56.75,450.8,14.198,2026-04-07 16:00:00,1,0,56.75,25.02,suburban
92,17,weekday,37.48,398.0,6.17,2026-04-07 17:00:00,1,0,37.48,16.46,suburban
92,18,weekday,25.86,380.4,5.503,2026-04-07 18:00:00,1,0,25.86,21.28,urban
92,19,weekday,35.99,264.5,6.579,2026-04-07 19:00:00,1,0,35.99,18.28,suburban
92,20,weekday,56.65,244.3,11.461,2026-04-07 20:00:00,1,0,56.65,20.23,suburban
92,21,weekday,76.12,176.7,23.684,2026-04-07 21:00:00,1,0,76.12,31.11,motorway
92,22,weekday,82.65,161.4,22.033,2026-04-07 22:00:00,1,0,82.65,26.66,motorway
92,23,weekday,0.0,0.0,0.628,2026-04-07 23:00:00,1,0,0.0,,parked
93,0,weekday,0.0,0.0,0.626,2026-04-08 00:00:00,2,0,0.0,,parked
93,1,weekday,0.0,0.0,0.643,2026-04-08 01:00:00,2,0,0.0,,parked
93,2,weekday,0.0,0.0,0.622,2026-04-08 02:00:00,2,0,0.0,,parked
93,3,weekday,0.0,0.0,0.572,2026-04-08 03:00:00,2,0,0.0,,parked
93,4,weekday,0.0,0.0,0.685,2026-04-08 04:00:00,2,0,0.0,,parked
93,5,weekday,86.08,1113.0,32.579,2026-04-08 05:00:00,2,0,86.08,37.85,motorway
93,6,weekday,76.5,1047.2,25.707,2026-04-08 06:00:00,2,0,76.5,33.6,motorway
93,7,weekday,60.44,970.9,14.332,2026-04-08 07:00:00,2,0,60.44,23.71,motorway
93,8,weekday,38.52,917.2,7.379,2026-04-08 08:00:00,2,0,38.52,19.16,suburban
93,9,weekday,35.96,912.8,7.552,2026-04-08 09:00:00,2,0,35.96,21.0,suburban
93,10,weekday,56.74,795.3,13.209,2026-04-08 10:00:00,2,0,56.74,23.28,suburban
93,11,weekday,76.32,743.4,22.531,2026-04-08 11:00:00,2,0,76.32,29.52,motorway
93,12,weekday,85.53,697.0,22.077,2026-04-08 12:00:00,2,0,85.53,25.81,motorway
93,13,weekday,87.3,689.0,34.867,2026-04-08 13:00:00,2,0,87.3,39.94,motorway
93,14,weekday,85.14,581.2,28.98,2026-04-08 14:00:00,2,0,85.14,34.04,motorway
93,15,weekday,71.64,567.3,20.012,2026-04-08 15:00:00,2,0,71.64,27.93,motorway
93,16,weekday,55.96,502.2,13.677,2026-04-08 16:00:00,2,0,55.96,24.44,suburban
93,17,weekday,37.39,448.1,7.604,2026-04-08 17:00:00,2,0,37.39,20.34,suburban
93,18,weekday,27.8,360.9,5.086,2026-04-08 18:00:00,2,0,27.8,18.29,urban
93,19,weekday,35.87,335.6,7.025,2026-04-08 19:00:00,2,0,35.87,19.58,suburban
93,20,weekday,54.85,284.8,7.885,2026-04-08 20:00:00,2,0,54.85,14.38,suburban
93,21,weekday,74.69,242.1,18.142,2026-04-08 21:00:00,2,0,74.69,24.29,motorway
93,22,weekday,83.24,177.6,25.587,2026-04-08 22:00:00,2,0,83.24,30.74,motorway
93,23,weekday,0.0,0.0,0.593,2026-04-08 23:00:00,2,0,0.0,,parked
94,0,weekday,0.0,0.0,0.537,2026-04-09 00:00:00,3,0,0.0,,parked
94,1,weekday,0.0,0.0,0.623,2026-04-09 01:00:00,3,0,0.0,,parked
94,2,weekday,0.0,0.0,0.602,2026-04-09 02:00:00,3,0,0.0,,parked
94,3,weekday,0.0,0.0,0.647,2026-04-09 03:00:00,3,0,0.0,,parked
94,4,weekday,0.0,0.0,0.719,2026-04-09 04:00:00,3,0,0.0,,parked
94,5,weekday,87.99,1200.0,33.645,2026-04-09 05:00:00,3,0,87.99,38.24,motorway
94,6,weekday,79.84,1200.0,30.83,2026-04-09 06:00:00,3,0,79.84,38.61,motorway
94,7,weekday,57.38,1200.0,17.194,2026-04-09 07:00:00,3,0,57.38,29.97,suburban
94,8,weekday,37.3,1200.0,8.244,2026-04-09 08:00:00,3,0,37.3,22.1,suburban
94,9,weekday,37.01,1200.0,8.495,2026-04-09 09:00:00,3,0,37.01,22.95,suburban
94,10,weekday,58.28,1200.0,16.6,2026-04-09 10:00:00,3,0,58.28,28.48,suburban
94,11,weekday,74.65,1185.1,25.136,2026-04-09 11:00:00,3,0,74.65,33.67,motorway
94,12,weekday,85.28,1147.9,35.3,2026-04-09 12:00:00,3,0,85.28,41.39,motorway
94,13,weekday,84.6,1053.5,31.12,2026-04-09 13:00:00,3,0,84.6,36.78,motorway
94,14,weekday,83.96,961.7,20.58,2026-04-09 14:00:00,3,0,83.96,24.51,motorway
94,15,weekday,72.87,870.3,17.406,2026-04-09 15:00:00,3,0,72.87,23.89,motorway
94,16,weekday,56.73,760.7,11.349,2026-04-09 16:00:00,3,0,56.73,20.01,suburban
94,17,weekday,34.55,699.6,5.071,2026-04-09 17:00:00,3,0,34.55,14.68,suburban
94,18,weekday,27.2,583.0,5.774,2026-04-09 18:00:00,3,0,27.2,21.23,urban
94,19,weekday,38.46,539.8,6.069,2026-04-09 19:00:00,3,0,38.46,15.78,suburban
94,20,weekday,54.41,423.6,8.365,2026-04-09 20:00:00,3,0,54.41,15.37,suburban
94,21,weekday,74.01,355.2,14.743,2026-04-09 21:00:00,3,0,74.01,19.92,motorway
94,22,weekday,83.6,286.9,25.992,2026-04-09 22:00:00,3,0,83.6,31.09,motorway
94,23,weekday,0.0,0.0,0.648,2026-04-09 23:00:00,3,0,0.0,,parked
95,0,weekday,0.0,0.0,0.554,2026-04-10 00:00:00,4,0,0.0,,parked
95,1,weekday,0.0,0.0,0.585,2026-04-10 01:00:00,4,0,0.0,,parked
95,2,weekday,0.0,0.0,0.605,2026-04-10 02:00:00,4,0,0.0,,parked
95,3,weekday,0.0,0.0,0.589,2026-04-10 03:00:00,4,0,0.0,,parked
95,4,weekday,0.0,0.0,0.703,2026-04-10 04:00:00,4,0,0.0,,parked
95,5,weekday,85.25,732.7,31.918,2026-04-10 05:00:00,4,0,85.25,37.44,motorway
95,6,weekday,75.77,760.8,22.083,2026-04-10 06:00:00,4,0,75.77,29.14,motorway
95,7,weekday,59.74,712.3,16.194,2026-04-10 07:00:00,4,0,59.74,27.11,suburban
95,8,weekday,33.42,644.2,5.528,2026-04-10 08:00:00,4,0,33.42,16.54,suburban
95,9,weekday,34.97,612.0,6.088,2026-04-10 09:00:00,4,0,34.97,17.41,suburban
95,10,weekday,55.43,572.5,10.375,2026-04-10 10:00:00,4,0,55.43,18.72,suburban
95,11,weekday,76.95,505.0,26.482,2026-04-10 11:00:00,4,0,76.95,34.41,motorway
95,12,weekday,85.12,474.6,38.258,2026-04-10 12:00:00,4,0,85.12,44.95,motorway
95,13,weekday,87.4,464.5,33.158,2026-04-10 13:00:00,4,0,87.4,37.94,motorway
95,14,weekday,83.74,411.0,36.93,2026-04-10 14:00:00,4,0,83.74,44.1,motorway
95,15,weekday,73.28,357.9,21.179,2026-04-10 15:00:00,4,0,73.28,28.9,motorway
95,16,weekday,56.19,311.3,14.028,2026-04-10 16:00:00,4,0,56.19,24.97,suburban
95,17,weekday,38.5,300.0,6.147,2026-04-10 17:00:00,4,0,38.5,15.97,suburban
95,18,weekday,26.63,294.0,5.19,2026-04-10 18:00:00,4,0,26.63,19.49,urban
95,19,weekday,37.47,210.2,5.662,2026-04-10 19:00:00,4,0,37.47,15.11,suburban
95,20,weekday,53.99,169.9,12.483,2026-04-10 20:00:00,4,0,53.99,23.12,suburban
95,21,weekday,71.16,141.1,19.6,2026-04-10 21:00:00,4,0,71.16,27.54,motorway
95,22,weekday,84.28,106.7,37.043,2026-04-10 22:00:00,4,0,84.28,43.95,motorway
95,23,weekday,0.0,0.0,0.591,2026-04-10 23:00:00,4,0,0.0,,parked
96,0,weekend,0.0,0.0,0.551,2026-04-11 00:00:00,5,1,0.0,,parked
96,1,weekend,0.0,0.0,0.569,2026-04-11 01:00:00,5,1,0.0,,parked
96,2,weekend,0.0,0.0,0.573,2026-04-11 02:00:00,5,1,0.0,,parked
96,3,weekend,0.0,0.0,0.637,2026-04-11 03:00:00,5,1,0.0,,parked
96,4,weekend,0.0,0.0,0.695,2026-04-11 04:00:00,5,1,0.0,,parked
96,5,weekend,84.69,687.4,32.138,2026-04-11 05:00:00,5,1,84.69,37.95,motorway
96,6,weekend,83.29,649.9,26.171,2026-04-11 06:00:00,5,1,83.29,31.42,motorway
96,7,weekend,80.3,598.1,29.938,2026-04-11 07:00:00,5,1,80.3,37.28,motorway
96,8,weekend,76.54,573.4,25.753,2026-04-11 08:00:00,5,1,76.54,33.65,motorway
96,9,weekend,67.29,547.4,20.794,2026-04-11 09:00:00,5,1,67.29,30.9,motorway
96,10,weekend,63.36,508.6,15.362,2026-04-11 10:00:00,5,1,63.36,24.25,motorway
96,11,weekend,59.93,502.3,12.774,2026-04-11 11:00:00,5,1,59.93,21.31,suburban
96,12,weekend,58.99,451.2,13.902,2026-04-11 12:00:00,5,1,58.99,23.57,suburban
96,13,weekend,57.84,430.2,16.411,2026-04-11 13:00:00,5,1,57.84,28.37,suburban
96,14,weekend,54.4,387.9,13.651,2026-04-11 14:00:00,5,1,54.4,25.09,suburban
96,15,weekend,51.75,332.2,12.09,2026-04-11 15:00:00,5,1,51.75,23.36,suburban
96,16,weekend,51.9,285.6,13.504,2026-04-11 16:00:00,5,1,51.9,26.02,suburban
96,17,weekend,53.62,267.9,13.856,2026-04-11 17:00:00,5,1,53.62,25.84,suburban
96,18,weekend,59.61,249.9,13.181,2026-04-11 18:00:00,5,1,59.61,22.11,suburban
96,19,weekend,67.61,193.5,17.275,2026-04-11 19:00:00,5,1,67.61,25.55,motorway
96,20,weekend,75.3,181.2,25.614,2026-04-11 20:00:00,5,1,75.3,34.02,motorway
96,21,weekend,82.9,107.6,27.556,2026-04-11 21:00:00,5,1,82.9,33.24,motorway
96,22,weekend,85.55,76.0,27.339,2026-04-11 22:00:00,5,1,85.55,31.96,motorway
96,23,weekend,0.0,0.0,0.584,2026-04-11 23:00:00,5,1,0.0,,parked
97,0,weekend,0.0,0.0,0.577,2026-04-12 00:00:00,6,1,0.0,,parked
97,1,weekend,0.0,0.0,0.656,2026-04-12 01:00:00,6,1,0.0,,parked
97,2,weekend,0.0,0.0,0.619,2026-04-12 02:00:00,6,1,0.0,,parked
97,3,weekend,0.0,0.0,0.533,2026-04-12 03:00:00,6,1,0.0,,parked
97,4,weekend,0.0,0.0,0.653,2026-04-12 04:00:00,6,1,0.0,,parked
97,5,weekend,85.86,552.6,31.808,2026-04-12 05:00:00,6,1,85.86,37.05,motorway
97,6,weekend,82.12,565.3,38.696,2026-04-12 06:00:00,6,1,82.12,47.12,motorway
97,7,weekend,81.94,491.3,39.439,2026-04-12 07:00:00,6,1,81.94,48.13,motorway
97,8,weekend,72.24,495.7,28.17,2026-04-12 08:00:00,6,1,72.24,39.0,motorway
97,9,weekend,66.56,426.5,17.693,2026-04-12 09:00:00,6,1,66.56,26.58,motorway
97,10,weekend,60.58,416.6,16.815,2026-04-12 10:00:00,6,1,60.58,27.76,motorway
97,11,weekend,59.9,376.8,15.886,2026-04-12 11:00:00,6,1,59.9,26.52,suburban
97,12,weekend,56.86,308.3,9.74,2026-04-12 12:00:00,6,1,56.86,17.13,suburban
97,13,weekend,60.04,330.5,15.018,2026-04-12 13:00:00,6,1,60.04,25.01,motorway
97,14,weekend,56.19,291.0,13.767,2026-04-12 14:00:00,6,1,56.19,24.5,suburban
97,15,weekend,51.22,263.4,11.58,2026-04-12 15:00:00,6,1,51.22,22.61,suburban
97,16,weekend,51.32,237.1,10.344,2026-04-12 16:00:00,6,1,51.32,20.16,suburban
97,17,weekend,52.66,237.5,10.546,2026-04-12 17:00:00,6,1,52.66,20.03,suburban
97,18,weekend,59.38,230.2,12.129,2026-04-12 18:00:00,6,1,59.38,20.43,suburban
97,19,weekend,70.19,148.6,19.25,2026-04-12 19:00:00,6,1,70.19,27.43,motorway
97,20,weekend,76.47,168.3,25.223,2026-04-12 20:00:00,6,1,76.47,32.98,motorway
97,21,weekend,81.58,94.7,30.564,2026-04-12 21:00:00,6,1,81.58,37.47,motorway
97,22,weekend,86.26,74.5,29.041,2026-04-12 22:00:00,6,1,86.26,33.67,motorway
97,23,weekend,0.0,0.0,0.567,2026-04-12 23:00:00,6,1,0.0,,parked
98,0,weekday,0.0,0.0,0.538,2026-04-13 00:00:00,0,0,0.0,,parked
98,1,weekday,0.0,0.0,0.573,2026-04-13 01:00:00,0,0,0.0,,parked
98,2,weekday,0.0,0.0,0.592,2026-04-13 02:00:00,0,0,0.0,,parked
98,3,weekday,0.0,0.0,0.676,2026-04-13 03:00:00,0,0,0.0,,parked
98,4,weekday,0.0,0.0,0.727,2026-04-13 04:00:00,0,0,0.0,,parked
98,5,weekday,84.38,1021.0,36.233,2026-04-13 05:00:00,0,0,84.38,42.94,motorway
98,6,weekday,78.03,983.8,30.081,2026-04-13 06:00:00,0,0,78.03,38.55,motorway
98,7,weekday,56.89,927.9,15.744,2026-04-13 07:00:00,0,0,56.89,27.67,suburban
98,8,weekday,35.38,894.0,8.139,2026-04-13 08:00:00,0,0,35.38,23.0,suburban
98,9,weekday,38.04,855.5,8.746,2026-04-13 09:00:00,0,0,38.04,22.99,suburban
98,10,weekday,55.4,776.0,15.667,2026-04-13 10:00:00,0,0,55.4,28.28,suburban
98,11,weekday,77.72,705.3,33.3,2026-04-13 11:00:00,0,0,77.72,42.85,motorway
98,12,weekday,83.83,702.3,39.014,2026-04-13 12:00:00,0,0,83.83,46.54,motorway
98,13,weekday,87.48,638.9,42.35,2026-04-13 13:00:00,0,0,87.48,48.41,motorway
98,14,weekday,80.9,611.8,35.914,2026-04-13 14:00:00,0,0,80.9,44.39,motorway
98,15,weekday,71.49,529.7,22.704,2026-04-13 15:00:00,0,0,71.49,31.76,motorway
98,16,weekday,56.75,456.3,13.486,2026-04-13 16:00:00,0,0,56.75,23.76,suburban
98,17,weekday,35.78,418.6,6.429,2026-04-13 17:00:00,0,0,35.78,17.97,suburban
98,18,weekday,29.07,375.9,5.915,2026-04-13 18:00:00,0,0,29.07,20.35,urban
98,19,weekday,36.6,323.0,6.284,2026-04-13 19:00:00,0,0,36.6,17.17,suburban
98,20,weekday,56.08,289.9,11.627,2026-04-13 20:00:00,0,0,56.08,20.73,suburban
98,21,weekday,73.34,248.7,14.845,2026-04-13 21:00:00,0,0,73.34,20.24,motorway
98,22,weekday,82.58,157.8,23.347,2026-04-13 22:00:00,0,0,82.58,28.27,motorway
98,23,weekday,0.0,0.0,0.629,2026-04-13 23:00:00,0,0,0.0,,parked
99,0,weekday,0.0,0.0,0.526,2026-04-14 00:00:00,1,0,0.0,,parked
99,1,weekday,0.0,0.0,0.578,2026-04-14 01:00:00,1,0,0.0,,parked
99,2,weekday,0.0,0.0,0.608,2026-04-14 02:00:00,1,0,0.0,,parked
99,3,weekday,0.0,0.0,0.605,2026-04-14 03:00:00,1,0,0.0,,parked
99,4,weekday,0.0,0.0,0.738,2026-04-14 04:00:00,1,0,0.0,,parked
99,5,weekday,87.77,1176.6,44.765,2026-04-14 05:00:00,1,0,87.77,51.0,motorway
99,6,weekday,75.5,1073.5,28.141,2026-04-14 06:00:00,1,0,75.5,37.27,motorway
99,7,weekday,56.02,1015.0,16.623,2026-04-14 07:00:00,1,0,56.02,29.67,suburban
99,8,weekday,33.7,979.0,7.134,2026-04-14 08:00:00,1,0,33.7,21.17,suburban
99,9,weekday,36.85,890.3,6.333,2026-04-14 09:00:00,1,0,36.85,17.19,suburban
99,10,weekday,56.6,878.4,13.927,2026-04-14 10:00:00,1,0,56.6,24.61,suburban
99,11,weekday,76.59,803.5,26.608,2026-04-14 11:00:00,1,0,76.59,34.74,motorway
99,12,weekday,85.23,803.8,29.13,2026-04-14 12:00:00,1,0,85.23,34.18,motorway
99,13,weekday,87.38,710.9,34.497,2026-04-14 13:00:00,1,0,87.38,39.48,motorway
99,14,weekday,83.05,626.7,31.334,2026-04-14 14:00:00,1,0,83.05,37.73,motorway
99,15,weekday,74.85,586.3,30.895,2026-04-14 15:00:00,1,0,74.85,41.28,motorway
99,16,weekday,55.24,541.2,15.789,2026-04-14 16:00:00,1,0,55.24,28.58,suburban
99,17,weekday,35.85,507.8,6.685,2026-04-14 17:00:00,1,0,35.85,18.65,suburban
99,18,weekday,28.31,411.1,6.56,2026-04-14 18:00:00,1,0,28.31,23.17,urban
99,19,weekday,38.62,327.4,8.134,2026-04-14 19:00:00,1,0,38.62,21.06,suburban
99,20,weekday,55.44,280.2,16.66,2026-04-14 20:00:00,1,0,55.44,30.05,suburban
99,21,weekday,72.36,236.3,24.515,2026-04-14 21:00:00,1,0,72.36,33.88,motorway
99,22,weekday,83.11,174.7,29.687,2026-04-14 22:00:00,1,0,83.11,35.72,motorway
99,23,weekday,0.0,0.0,0.571,2026-04-14 23:00:00,1,0,0.0,,parked
100,0,weekday,0.0,0.0,0.473,2026-04-15 00:00:00,2,0,0.0,,parked
100,1,weekday,0.0,0.0,0.484,2026-04-15 01:00:00,2,0,0.0,,parked
100,2,weekday,0.0,0.0,0.664,2026-04-15 02:00:00,2,0,0.0,,parked
100,3,weekday,0.0,0.0,0.535,2026-04-15 03:00:00,2,0,0.0,,parked
100,4,weekday,0.0,0.0,0.63,2026-04-15 04:00:00,2,0,0.0,,parked
100,5,weekday,85.37,564.6,33.081,2026-04-15 05:00:00,2,0,85.37,38.75,motorway
100,6,weekday,77.69,468.1,22.169,2026-04-15 06:00:00,2,0,77.69,28.54,motorway
100,7,weekday,56.57,481.9,11.604,2026-04-15 07:00:00,2,0,56.57,20.51,suburban
100,8,weekday,35.49,469.8,5.886,2026-04-15 08:00:00,2,0,35.49,16.58,suburban
100,9,weekday,36.06,448.5,5.668,2026-04-15 09:00:00,2,0,36.06,15.72,suburban
100,10,weekday,58.2,382.9,14.611,2026-04-15 10:00:00,2,0,58.2,25.1,suburban
100,11,weekday,76.08,359.0,22.725,2026-04-15 11:00:00,2,0,76.08,29.87,motorway
100,12,weekday,84.56,343.6,24.665,2026-04-15 12:00:00,2,0,84.56,29.17,motorway
100,13,weekday,86.21,253.4,26.049,2026-04-15 13:00:00,2,0,86.21,30.22,motorway
100,14,weekday,84.45,323.2,26.004,2026-04-15 14:00:00,2,0,84.45,30.79,motorway
100,15,weekday,71.39,285.3,19.574,2026-04-15 15:00:00,2,0,71.39,27.42,motorway
100,16,weekday,55.36,271.0,11.278,2026-04-15 16:00:00,2,0,55.36,20.37,suburban
100,17,weekday,35.46,237.0,6.184,2026-04-15 17:00:00,2,0,35.46,17.44,suburban
100,18,weekday,28.33,202.2,5.993,2026-04-15 18:00:00,2,0,28.33,21.15,urban
100,19,weekday,37.9,196.6,6.167,2026-04-15 19:00:00,2,0,37.9,16.27,suburban
100,20,weekday,56.38,128.4,9.973,2026-04-15 20:00:00,2,0,56.38,17.69,suburban
100,21,weekday,72.35,102.6,18.496,2026-04-15 21:00:00,2,0,72.35,25.56,motorway
100,22,weekday,82.97,56.3,26.995,2026-04-15 22:00:00,2,0,82.97,32.54,motorway
100,23,weekday,0.0,0.0,0.568,2026-04-15 23:00:00,2,0,0.0,,parked
101,0,weekday,0.0,0.0,0.539,2026-04-16 00:00:00,3,0,0.0,,parked
101,1,weekday,0.0,0.0,0.574,2026-04-16 01:00:00,3,0,0.0,,parked
101,2,weekday,0.0,0.0,0.615,2026-04-16 02:00:00,3,0,0.0,,parked
101,3,weekday,0.0,0.0,0.614,2026-04-16 03:00:00,3,0,0.0,,parked
101,4,weekday,0.0,0.0,0.662,2026-04-16 04:00:00,3,0,0.0,,parked
101,5,weekday,86.67,1200.0,37.954,2026-04-16 05:00:00,3,0,86.67,43.79,motorway
101,6,weekday,76.45,1200.0,22.522,2026-04-16 06:00:00,3,0,76.45,29.46,motorway
101,7,weekday,54.43,1200.0,14.85,2026-04-16 07:00:00,3,0,54.43,27.28,suburban
101,8,weekday,37.55,1200.0,10.49,2026-04-16 08:00:00,3,0,37.55,27.94,suburban
101,9,weekday,33.49,1119.6,7.318,2026-04-16 09:00:00,3,0,33.49,21.85,suburban
101,10,weekday,55.03,1054.2,15.757,2026-04-16 10:00:00,3,0,55.03,28.63,suburban
101,11,weekday,77.82,1002.3,31.554,2026-04-16 11:00:00,3,0,77.82,40.55,motorway
101,12,weekday,87.11,891.5,31.06,2026-04-16 12:00:00,3,0,87.11,35.66,motorway
101,13,weekday,86.43,872.2,28.792,2026-04-16 13:00:00,3,0,86.43,33.31,motorway
101,14,weekday,82.57,788.9,25.578,2026-04-16 14:00:00,3,0,82.57,30.98,motorway
101,15,weekday,71.02,695.3,20.512,2026-04-16 15:00:00,3,0,71.02,28.88,motorway
101,16,weekday,54.53,660.8,11.397,2026-04-16 16:00:00,3,0,54.53,20.9,suburban
101,17,weekday,38.69,566.5,7.054,2026-04-16 17:00:00,3,0,38.69,18.23,suburban
101,18,weekday,28.58,488.3,8.093,2026-04-16 18:00:00,3,0,28.58,28.32,urban
101,19,weekday,38.55,410.8,9.123,2026-04-16 19:00:00,3,0,38.55,23.67,suburban
101,20,weekday,56.64,352.9,14.556,2026-04-16 20:00:00,3,0,56.64,25.7,suburban
101,21,weekday,72.66,265.3,23.801,2026-04-16 21:00:00,3,0,72.66,32.76,motorway
101,22,weekday,82.09,223.1,34.006,2026-04-16 22:00:00,3,0,82.09,41.43,motorway
101,23,weekday,0.0,0.0,0.548,2026-04-16 23:00:00,3,0,0.0,,parked
102,0,weekday,0.0,0.0,0.618,2026-04-17 00:00:00,4,0,0.0,,parked
102,1,weekday,0.0,0.0,0.564,2026-04-17 01:00:00,4,0,0.0,,parked
102,2,weekday,0.0,0.0,0.501,2026-04-17 02:00:00,4,0,0.0,,parked
102,3,weekday,0.0,0.0,0.724,2026-04-17 03:00:00,4,0,0.0,,parked
102,4,weekday,0.0,0.0,0.732,2026-04-17 04:00:00,4,0,0.0,,parked
102,5,weekday,85.62,961.9,25.964,2026-04-17 05:00:00,4,0,85.62,30.32,motorway
102,6,weekday,78.76,891.6,23.573,2026-04-17 06:00:00,4,0,78.76,29.93,motorway
102,7,weekday,58.57,849.3,12.323,2026-04-17 07:00:00,4,0,58.57,21.04,suburban
102,8,weekday,34.7,796.9,5.628,2026-04-17 08:00:00,4,0,34.7,16.22,suburban
102,9,weekday,35.16,720.1,5.758,2026-04-17 09:00:00,4,0,35.16,16.38,suburban
102,10,weekday,57.38,680.2,12.082,2026-04-17 10:00:00,4,0,57.38,21.06,suburban
102,11,weekday,76.5,665.1,22.489,2026-04-17 11:00:00,4,0,76.5,29.4,motorway
102,12,weekday,84.82,617.9,23.071,2026-04-17 12:00:00,4,0,84.82,27.2,motorway
102,13,weekday,84.37,555.6,24.43,2026-04-17 13:00:00,4,0,84.37,28.96,motorway
102,14,weekday,84.41,522.7,33.721,2026-04-17 14:00:00,4,0,84.41,39.95,motorway
102,15,weekday,74.85,492.0,29.231,2026-04-17 15:00:00,4,0,74.85,39.05,motorway
102,16,weekday,56.79,438.2,14.835,2026-04-17 16:00:00,4,0,56.79,26.12,suburban
102,17,weekday,38.28,408.3,7.074,2026-04-17 17:00:00,4,0,38.28,18.48,suburban
102,18,weekday,28.53,337.9,5.652,2026-04-17 18:00:00,4,0,28.53,19.81,urban
102,19,weekday,37.21,291.9,8.833,2026-04-17 19:00:00,4,0,37.21,23.74,suburban
102,20,weekday,55.5,209.3,13.29,2026-04-17 20:00:00,4,0,55.5,23.95,suburban
102,21,weekday,74.16,195.9,20.047,2026-04-17 21:00:00,4,0,74.16,27.03,motorway
102,22,weekday,84.06,117.9,27.574,2026-04-17 22:00:00,4,0,84.06,32.8,motorway
102,23,weekday,0.0,0.0,0.535,2026-04-17 23:00:00,4,0,0.0,,parked
103,0,weekend,0.0,0.0,0.55,2026-04-18 00:00:00,5,1,0.0,,parked
103,1,weekend,0.0,0.0,0.63,2026-04-18 01:00:00,5,1,0.0,,parked
103,2,weekend,0.0,0.0,0.509,2026-04-18 02:00:00,5,1,0.0,,parked
103,3,weekend,0.0,0.0,0.605,2026-04-18 03:00:00,5,1,0.0,,parked
103,4,weekend,0.0,0.0,0.713,2026-04-18 04:00:00,5,1,0.0,,parked
103,5,weekend,84.63,775.1,20.708,2026-04-18 05:00:00,5,1,84.63,24.47,motorway
103,6,weekend,85.56,744.2,21.956,2026-04-18 06:00:00,5,1,85.56,25.66,motorway
103,7,weekend,82.23,732.6,28.345,2026-04-18 07:00:00,5,1,82.23,34.47,motorway
103,8,weekend,73.79,707.3,17.208,2026-04-18 08:00:00,5,1,73.79,23.32,motorway
103,9,weekend,69.82,620.6,14.273,2026-04-18 09:00:00,5,1,69.82,20.44,motorway
103,10,weekend,63.68,582.3,15.095,2026-04-18 10:00:00,5,1,63.68,23.7,motorway
103,11,weekend,59.5,578.6,18.931,2026-04-18 11:00:00,5,1,59.5,31.82,suburban
103,12,weekend,57.22,540.2,16.874,2026-04-18 12:00:00,5,1,57.22,29.49,suburban
103,13,weekend,57.74,469.5,11.461,2026-04-18 13:00:00,5,1,57.74,19.85,suburban
103,14,weekend,52.85,423.3,10.552,2026-04-18 14:00:00,5,1,52.85,19.97,suburban
103,15,weekend,51.96,373.0,11.84,2026-04-18 15:00:00,5,1,51.96,22.79,suburban
103,16,weekend,53.33,350.8,11.235,2026-04-18 16:00:00,5,1,53.33,21.07,suburban
103,17,weekend,52.05,311.1,13.777,2026-04-18 17:00:00,5,1,52.05,26.47,suburban
103,18,weekend,60.41,287.0,16.241,2026-04-18 18:00:00,5,1,60.41,26.88,motorway
103,19,weekend,69.96,233.8,19.811,2026-04-18 19:00:00,5,1,69.96,28.32,motorway
103,20,weekend,73.91,168.1,28.897,2026-04-18 20:00:00,5,1,73.91,39.1,motorway
103,21,weekend,82.41,177.3,31.867,2026-04-18 21:00:00,5,1,82.41,38.67,motorway
103,22,weekend,82.72,133.6,29.896,2026-04-18 22:00:00,5,1,82.72,36.14,motorway
103,23,weekend,0.0,0.0,0.65,2026-04-18 23:00:00,5,1,0.0,,parked
104,0,weekend,0.0,0.0,0.581,2026-04-19 00:00:00,6,1,0.0,,parked
104,1,weekend,0.0,0.0,0.555,2026-04-19 01:00:00,6,1,0.0,,parked
104,2,weekend,0.0,0.0,0.613,2026-04-19 02:00:00,6,1,0.0,,parked
104,3,weekend,0.0,0.0,0.67,2026-04-19 03:00:00,6,1,0.0,,parked
104,4,weekend,0.0,0.0,0.62,2026-04-19 04:00:00,6,1,0.0,,parked
104,5,weekend,86.18,846.6,35.985,2026-04-19 05:00:00,6,1,86.18,41.76,motorway
104,6,weekend,85.24,785.1,30.169,2026-04-19 06:00:00,6,1,85.24,35.39,motorway
104,7,weekend,82.45,791.7,25.612,2026-04-19 07:00:00,6,1,82.45,31.06,motorway
104,8,weekend,76.6,704.3,22.659,2026-04-19 08:00:00,6,1,76.6,29.58,motorway
104,9,weekend,70.08,716.8,21.283,2026-04-19 09:00:00,6,1,70.08,30.37,motorway
104,10,weekend,59.64,634.8,18.095,2026-04-19 10:00:00,6,1,59.64,30.34,suburban
104,11,weekend,61.49,618.4,18.444,2026-04-19 11:00:00,6,1,61.49,30.0,motorway
104,12,weekend,58.75,523.1,15.764,2026-04-19 12:00:00,6,1,58.75,26.83,suburban
104,13,weekend,56.65,488.0,17.637,2026-04-19 13:00:00,6,1,56.65,31.13,suburban
104,14,weekend,54.75,439.9,18.635,2026-04-19 14:00:00,6,1,54.75,34.04,suburban
104,15,weekend,51.57,422.2,15.258,2026-04-19 15:00:00,6,1,51.57,29.59,suburban
104,16,weekend,51.12,358.7,12.395,2026-04-19 16:00:00,6,1,51.12,24.25,suburban
104,17,weekend,51.24,375.4,11.052,2026-04-19 17:00:00,6,1,51.24,21.57,suburban
104,18,weekend,56.32,287.7,13.518,2026-04-19 18:00:00,6,1,56.32,24.0,suburban
104,19,weekend,64.78,261.0,17.72,2026-04-19 19:00:00,6,1,64.78,27.35,motorway
104,20,weekend,75.21,169.2,23.843,2026-04-19 20:00:00,6,1,75.21,31.7,motorway
104,21,weekend,83.23,116.9,27.294,2026-04-19 21:00:00,6,1,83.23,32.79,motorway
104,22,weekend,85.55,146.4,29.951,2026-04-19 22:00:00,6,1,85.55,35.01,motorway
104,23,weekend,0.0,0.0,0.696,2026-04-19 23:00:00,6,1,0.0,,parked
105,0,weekday,0.0,0.0,0.56,2026-04-20 00:00:00,0,0,0.0,,parked
105,1,weekday,0.0,0.0,0.619,2026-04-20 01:00:00,0,0,0.0,,parked
105,2,weekday,0.0,0.0,0.609,2026-04-20 02:00:00,0,0,0.0,,parked
105,3,weekday,0.0,0.0,0.499,2026-04-20 03:00:00,0,0,0.0,,parked
105,4,weekday,0.0,0.0,0.769,2026-04-20 04:00:00,0,0,0.0,,parked
105,5,weekday,84.98,1200.0,29.584,2026-04-20 05:00:00,0,0,84.98,34.81,motorway
105,6,weekday,76.02,1174.4,20.716,2026-04-20 06:00:00,0,0,76.02,27.25,motorway
105,7,weekday,57.07,1114.9,14.566,2026-04-20 07:00:00,0,0,57.07,25.52,suburban
105,8,weekday,37.19,1028.1,7.399,2026-04-20 08:00:00,0,0,37.19,19.9,suburban
105,9,weekday,36.05,1001.5,6.518,2026-04-20 09:00:00,0,0,36.05,18.08,suburban
105,10,weekday,58.6,949.6,18.602,2026-04-20 10:00:00,0,0,58.6,31.74,suburban
105,11,weekday,74.44,891.7,28.714,2026-04-20 11:00:00,0,0,74.44,38.57,motorway
105,12,weekday,86.15,827.2,34.946,2026-04-20 12:00:00,0,0,86.15,40.56,motorway
105,13,weekday,86.56,737.1,38.13,2026-04-20 13:00:00,0,0,86.56,44.05,motorway
105,14,weekday,83.52,664.4,38.109,2026-04-20 14:00:00,0,0,83.52,45.63,motorway
105,15,weekday,71.63,626.7,28.604,2026-04-20 15:00:00,0,0,71.63,39.93,motorway
105,16,weekday,58.61,540.9,16.639,2026-04-20 16:00:00,0,0,58.61,28.39,suburban
105,17,weekday,37.92,519.4,8.716,2026-04-20 17:00:00,0,0,37.92,22.99,suburban
105,18,weekday,27.0,450.5,7.266,2026-04-20 18:00:00,0,0,27.0,26.91,urban
105,19,weekday,34.08,352.3,8.153,2026-04-20 19:00:00,0,0,34.08,23.92,suburban
105,20,weekday,56.37,329.9,12.154,2026-04-20 20:00:00,0,0,56.37,21.56,suburban
105,21,weekday,71.43,236.5,18.562,2026-04-20 21:00:00,0,0,71.43,25.99,motorway
105,22,weekday,81.81,179.8,23.884,2026-04-20 22:00:00,0,0,81.81,29.19,motorway
105,23,weekday,0.0,0.0,0.605,2026-04-20 23:00:00,0,0,0.0,,parked
106,0,weekday,0.0,0.0,0.48,2026-04-21 00:00:00,1,0,0.0,,parked
106,1,weekday,0.0,0.0,0.511,2026-04-21 01:00:00,1,0,0.0,,parked
106,2,weekday,0.0,0.0,0.637,2026-04-21 02:00:00,1,0,0.0,,parked
106,3,weekday,0.0,0.0,0.598,2026-04-21 03:00:00,1,0,0.0,,parked
106,4,weekday,0.0,0.0,0.67,2026-04-21 04:00:00,1,0,0.0,,parked
106,5,weekday,84.87,1005.2,32.035,2026-04-21 05:00:00,1,0,84.87,37.75,motorway
106,6,weekday,75.49,959.0,22.605,2026-04-21 06:00:00,1,0,75.49,29.94,motorway
106,7,weekday,57.23,878.2,15.005,2026-04-21 07:00:00,1,0,57.23,26.22,suburban
106,8,weekday,36.28,871.9,7.536,2026-04-21 08:00:00,1,0,36.28,20.77,suburban
106,9,weekday,36.86,787.5,6.36,2026-04-21 09:00:00,1,0,36.86,17.25,suburban
106,10,weekday,56.35,738.2,9.801,2026-04-21 10:00:00,1,0,56.35,17.39,suburban
106,11,weekday,75.63,713.7,14.093,2026-04-21 11:00:00,1,0,75.63,18.63,motorway
106,12,weekday,84.47,653.4,24.792,2026-04-21 12:00:00,1,0,84.47,29.35,motorway
106,13,weekday,86.55,587.4,28.895,2026-04-21 13:00:00,1,0,86.55,33.39,motorway
106,14,weekday,81.36,549.8,27.614,2026-04-21 14:00:00,1,0,81.36,33.94,motorway
106,15,weekday,71.52,466.0,22.105,2026-04-21 15:00:00,1,0,71.52,30.91,motorway
106,16,weekday,52.95,460.2,14.197,2026-04-21 16:00:00,1,0,52.95,26.81,suburban
106,17,weekday,35.96,383.6,7.342,2026-04-21 17:00:00,1,0,35.96,20.42,suburban
106,18,weekday,28.14,348.6,5.793,2026-04-21 18:00:00,1,0,28.14,20.59,urban
106,19,weekday,37.29,305.9,7.48,2026-04-21 19:00:00,1,0,37.29,20.06,suburban
106,20,weekday,54.7,277.2,14.26,2026-04-21 20:00:00,1,0,54.7,26.07,suburban
106,21,weekday,74.89,195.4,33.185,2026-04-21 21:00:00,1,0,74.89,44.31,motorway
106,22,weekday,81.6,143.4,37.627,2026-04-21 22:00:00,1,0,81.6,46.11,motorway
106,23,weekday,0.0,0.0,0.572,2026-04-21 23:00:00,1,0,0.0,,parked
107,0,weekday,0.0,0.0,0.66,2026-04-22 00:00:00,2,0,0.0,,parked
107,1,weekday,0.0,0.0,0.562,2026-04-22 01:00:00,2,0,0.0,,parked
107,2,weekday,0.0,0.0,0.569,2026-04-22 02:00:00,2,0,0.0,,parked
107,3,weekday,0.0,0.0,0.542,2026-04-22 03:00:00,2,0,0.0,,parked
107,4,weekday,0.0,0.0,0.742,2026-04-22 04:00:00,2,0,0.0,,parked
107,5,weekday,84.38,1200.0,44.26,2026-04-22 05:00:00,2,0,84.38,52.45,motorway
107,6,weekday,76.23,1200.0,29.35,2026-04-22 06:00:00,2,0,76.23,38.5,motorway
107,7,weekday,54.5,1141.7,11.089,2026-04-22 07:00:00,2,0,54.5,20.35,suburban
107,8,weekday,33.37,1110.9,7.464,2026-04-22 08:00:00,2,0,33.37,22.37,suburban
107,9,weekday,35.84,995.5,6.11,2026-04-22 09:00:00,2,0,35.84,17.05,suburban
107,10,weekday,55.75,945.6,13.83,2026-04-22 10:00:00,2,0,55.75,24.81,suburban
107,11,weekday,71.7,879.0,26.042,2026-04-22 11:00:00,2,0,71.7,36.32,motorway
107,12,weekday,86.6,848.5,31.667,2026-04-22 12:00:00,2,0,86.6,36.57,motorway
107,13,weekday,84.28,786.8,39.997,2026-04-22 13:00:00,2,0,84.28,47.46,motorway
107,14,weekday,82.28,696.9,34.451,2026-04-22 14:00:00,2,0,82.28,41.87,motorway
107,15,weekday,72.69,618.8,20.75,2026-04-22 15:00:00,2,0,72.69,28.55,motorway
107,16,weekday,53.91,562.4,12.298,2026-04-22 16:00:00,2,0,53.91,22.81,suburban
107,17,weekday,39.54,463.1,7.646,2026-04-22 17:00:00,2,0,39.54,19.34,suburban
107,18,weekday,29.22,458.3,5.964,2026-04-22 18:00:00,2,0,29.22,20.41,urban
107,19,weekday,35.46,392.8,5.369,2026-04-22 19:00:00,2,0,35.46,15.14,suburban
107,20,weekday,55.6,307.4,13.189,2026-04-22 20:00:00,2,0,55.6,23.72,suburban
107,21,weekday,74.98,318.3,26.181,2026-04-22 21:00:00,2,0,74.98,34.92,motorway
107,22,weekday,83.87,203.7,26.228,2026-04-22 22:00:00,2,0,83.87,31.27,motorway
107,23,weekday,0.0,0.0,0.621,2026-04-22 23:00:00,2,0,0.0,,parked
108,0,weekday,0.0,0.0,0.581,2026-04-23 00:00:00,3,0,0.0,,parked
108,1,weekday,0.0,0.0,0.629,2026-04-23 01:00:00,3,0,0.0,,parked
108,2,weekday,0.0,0.0,0.697,2026-04-23 02:00:00,3,0,0.0,,parked
108,3,weekday,0.0,0.0,0.524,2026-04-23 03:00:00,3,0,0.0,,parked
108,4,weekday,0.0,0.0,0.622,2026-04-23 04:00:00,3,0,0.0,,parked
108,5,weekday,85.43,654.5,24.245,2026-04-23 05:00:00,3,0,85.43,28.38,motorway
108,6,weekday,76.15,647.6,22.148,2026-04-23 06:00:00,3,0,76.15,29.08,motorway
108,7,weekday,53.92,589.1,9.509,2026-04-23 07:00:00,3,0,53.92,17.64,suburban
108,8,weekday,36.25,524.1,5.8,2026-04-23 08:00:00,3,0,36.25,16.0,suburban
108,9,weekday,35.39,506.1,5.848,2026-04-23 09:00:00,3,0,35.39,16.52,suburban
108,10,weekday,55.42,497.8,9.88,2026-04-23 10:00:00,3,0,55.42,17.83,suburban
108,11,weekday,74.92,467.9,17.602,2026-04-23 11:00:00,3,0,74.92,23.49,motorway
108,12,weekday,83.93,439.5,27.309,2026-04-23 12:00:00,3,0,83.93,32.54,motorway
108,13,weekday,86.99,393.7,26.175,2026-04-23 13:00:00,3,0,86.99,30.09,motorway
108,14,weekday,82.7,359.1,24.941,2026-04-23 14:00:00,3,0,82.7,30.16,motorway
108,15,weekday,73.15,313.2,16.079,2026-04-23 15:00:00,3,0,73.15,21.98,motorway
108,16,weekday,56.74,300.0,10.546,2026-04-23 16:00:00,3,0,56.74,18.59,suburban
108,17,weekday,37.53,215.4,5.955,2026-04-23 17:00:00,3,0,37.53,15.87,suburban
108,18,weekday,25.88,220.2,4.337,2026-04-23 18:00:00,3,0,25.88,16.76,urban
108,19,weekday,37.64,204.7,5.196,2026-04-23 19:00:00,3,0,37.64,13.8,suburban
108,20,weekday,54.81,148.3,11.493,2026-04-23 20:00:00,3,0,54.81,20.97,suburban
108,21,weekday,74.34,93.0,20.214,2026-04-23 21:00:00,3,0,74.34,27.19,motorway
108,22,weekday,82.31,104.9,21.39,2026-04-23 22:00:00,3,0,82.31,25.99,motorway
108,23,weekday,0.0,0.0,0.614,2026-04-23 23:00:00,3,0,0.0,,parked
109,0,weekday,0.0,0.0,0.521,2026-04-24 00:00:00,4,0,0.0,,parked
109,1,weekday,0.0,0.0,0.553,2026-04-24 01:00:00,4,0,0.0,,parked
109,2,weekday,0.0,0.0,0.661,2026-04-24 02:00:00,4,0,0.0,,parked
109,3,weekday,0.0,0.0,0.606,2026-04-24 03:00:00,4,0,0.0,,parked
109,4,weekday,0.0,0.0,0.628,2026-04-24 04:00:00,4,0,0.0,,parked
109,5,weekday,85.06,1017.0,32.348,2026-04-24 05:00:00,4,0,85.06,38.03,motorway
109,6,weekday,76.1,978.4,29.319,2026-04-24 06:00:00,4,0,76.1,38.53,motorway
109,7,weekday,53.35,905.7,12.168,2026-04-24 07:00:00,4,0,53.35,22.81,suburban
109,8,weekday,34.44,911.2,7.523,2026-04-24 08:00:00,4,0,34.44,21.84,suburban
109,9,weekday,35.07,837.1,7.491,2026-04-24 09:00:00,4,0,35.07,21.36,suburban
109,10,weekday,55.44,777.9,16.605,2026-04-24 10:00:00,4,0,55.44,29.95,suburban
109,11,weekday,77.9,740.1,28.784,2026-04-24 11:00:00,4,0,77.9,36.95,motorway
109,12,weekday,86.65,691.6,36.119,2026-04-24 12:00:00,4,0,86.65,41.68,motorway
109,13,weekday,86.99,623.8,31.952,2026-04-24 13:00:00,4,0,86.99,36.73,motorway
109,14,weekday,80.59,592.2,32.624,2026-04-24 14:00:00,4,0,80.59,40.48,motorway
109,15,weekday,76.89,501.7,28.344,2026-04-24 15:00:00,4,0,76.89,36.86,motorway
109,16,weekday,54.36,486.5,13.88,2026-04-24 16:00:00,4,0,54.36,25.53,suburban
109,17,weekday,34.59,380.6,7.076,2026-04-24 17:00:00,4,0,34.59,20.46,suburban
109,18,weekday,30.28,334.1,4.687,2026-04-24 18:00:00,4,0,30.28,15.48,suburban
109,19,weekday,35.7,282.2,7.405,2026-04-24 19:00:00,4,0,35.7,20.74,suburban
109,20,weekday,55.34,256.3,12.043,2026-04-24 20:00:00,4,0,55.34,21.76,suburban
109,21,weekday,71.8,201.9,19.882,2026-04-24 21:00:00,4,0,71.8,27.69,motorway
109,22,weekday,81.17,196.6,26.882,2026-04-24 22:00:00,4,0,81.17,33.12,motorway
109,23,weekday,0.0,0.0,0.566,2026-04-24 23:00:00,4,0,0.0,,parked
110,0,weekend,0.0,0.0,0.512,2026-04-25 00:00:00,5,1,0.0,,parked
110,1,weekend,0.0,0.0,0.521,2026-04-25 01:00:00,5,1,0.0,,parked
110,2,weekend,0.0,0.0,0.55,2026-04-25 02:00:00,5,1,0.0,,parked
110,3,weekend,0.0,0.0,0.606,2026-04-25 03:00:00,5,1,0.0,,parked
110,4,weekend,0.0,0.0,0.696,2026-04-25 04:00:00,5,1,0.0,,parked
110,5,weekend,84.04,397.2,27.448,2026-04-25 05:00:00,5,1,84.04,32.66,motorway
110,6,weekend,84.7,381.9,33.329,2026-04-25 06:00:00,5,1,84.7,39.35,motorway
110,7,weekend,78.7,387.3,26.017,2026-04-25 07:00:00,5,1,78.7,33.06,motorway
110,8,weekend,76.45,383.3,31.329,2026-04-25 08:00:00,5,1,76.45,40.98,motorway
110,9,weekend,69.3,329.1,24.901,2026-04-25 09:00:00,5,1,69.3,35.93,motorway
110,10,weekend,63.38,317.6,21.024,2026-04-25 10:00:00,5,1,63.38,33.17,motorway
110,11,weekend,62.3,290.3,13.447,2026-04-25 11:00:00,5,1,62.3,21.58,motorway
110,12,weekend,55.52,286.1,10.508,2026-04-25 12:00:00,5,1,55.52,18.93,suburban
110,13,weekend,58.62,238.6,12.887,2026-04-25 13:00:00,5,1,58.62,21.98,suburban
110,14,weekend,54.29,282.5,10.936,2026-04-25 14:00:00,5,1,54.29,20.14,suburban
110,15,weekend,51.15,209.2,9.449,2026-04-25 15:00:00,5,1,51.15,18.47,suburban
110,16,weekend,51.43,170.0,8.612,2026-04-25 16:00:00,5,1,51.43,16.75,suburban
110,17,weekend,51.16,182.6,9.964,2026-04-25 17:00:00,5,1,51.16,19.48,suburban
110,18,weekend,59.5,113.3,11.372,2026-04-25 18:00:00,5,1,59.5,19.11,suburban
110,19,weekend,70.78,147.5,14.598,2026-04-25 19:00:00,5,1,70.78,20.62,motorway
110,20,weekend,75.06,80.6,16.753,2026-04-25 20:00:00,5,1,75.06,22.32,motorway
110,21,weekend,83.52,78.3,20.654,2026-04-25 21:00:00,5,1,83.52,24.73,motorway
110,22,weekend,87.2,69.2,22.95,2026-04-25 22:00:00,5,1,87.2,26.32,motorway
110,23,weekend,0.0,0.0,0.61,2026-04-25 23:00:00,5,1,0.0,,parked
111,0,weekend,0.0,0.0,0.584,2026-04-26 00:00:00,6,1,0.0,,parked
111,1,weekend,0.0,0.0,0.57,2026-04-26 01:00:00,6,1,0.0,,parked
111,2,weekend,0.0,0.0,0.56,2026-04-26 02:00:00,6,1,0.0,,parked
111,3,weekend,0.0,0.0,0.649,2026-04-26 03:00:00,6,1,0.0,,parked
111,4,weekend,0.0,0.0,0.672,2026-04-26 04:00:00,6,1,0.0,,parked
111,5,weekend,86.07,565.7,34.259,2026-04-26 05:00:00,6,1,86.07,39.8,motorway
111,6,weekend,84.25,516.2,25.349,2026-04-26 06:00:00,6,1,84.25,30.09,motorway
111,7,weekend,79.76,550.4,19.746,2026-04-26 07:00:00,6,1,79.76,24.76,motorway
111,8,weekend,78.1,497.5,20.941,2026-04-26 08:00:00,6,1,78.1,26.81,motorway
111,9,weekend,68.4,448.0,15.542,2026-04-26 09:00:00,6,1,68.4,22.72,motorway
111,10,weekend,64.52,398.9,15.585,2026-04-26 10:00:00,6,1,64.52,24.16,motorway
111,11,weekend,60.44,425.9,17.298,2026-04-26 11:00:00,6,1,60.44,28.62,motorway
111,12,weekend,57.37,386.1,11.803,2026-04-26 12:00:00,6,1,57.37,20.57,suburban
111,13,weekend,56.3,293.1,12.155,2026-04-26 13:00:00,6,1,56.3,21.59,suburban
111,14,weekend,56.78,316.8,11.123,2026-04-26 14:00:00,6,1,56.78,19.59,suburban
111,15,weekend,48.93,263.7,9.91,2026-04-26 15:00:00,6,1,48.93,20.25,suburban
111,16,weekend,52.02,219.8,10.116,2026-04-26 16:00:00,6,1,52.02,19.45,suburban
111,17,weekend,54.35,243.8,11.425,2026-04-26 17:00:00,6,1,54.35,21.02,suburban
111,18,weekend,58.79,228.2,13.575,2026-04-26 18:00:00,6,1,58.79,23.09,suburban
111,19,weekend,69.14,142.7,18.724,2026-04-26 19:00:00,6,1,69.14,27.08,motorway
111,20,weekend,77.8,142.8,23.762,2026-04-26 20:00:00,6,1,77.8,30.54,motorway
111,21,weekend,81.13,101.0,28.377,2026-04-26 21:00:00,6,1,81.13,34.98,motorway
111,22,weekend,84.92,84.7,33.857,2026-04-26 22:00:00,6,1,84.92,39.87,motorway
111,23,weekend,0.0,0.0,0.601,2026-04-26 23:00:00,6,1,0.0,,parked
112,0,weekday,0.0,0.0,0.593,2026-04-27 00:00:00,0,0,0.0,,parked
112,1,weekday,0.0,0.0,0.608,2026-04-27 01:00:00,0,0,0.0,,parked
112,2,weekday,0.0,0.0,0.639,2026-04-27 02:00:00,0,0,0.0,,parked
112,3,weekday,0.0,0.0,0.704,2026-04-27 03:00:00,0,0,0.0,,parked
112,4,weekday,0.0,0.0,0.612,2026-04-27 04:00:00,0,0,0.0,,parked
112,5,weekday,86.71,1200.0,44.782,2026-04-27 05:00:00,0,0,86.71,51.65,motorway
112,6,weekday,77.56,1131.1,31.928,2026-04-27 06:00:00,0,0,77.56,41.17,motorway
112,7,weekday,55.63,1071.4,18.181,2026-04-27 07:00:00,0,0,55.63,32.68,suburban
112,8,weekday,35.31,1026.6,6.944,2026-04-27 08:00:00,0,0,35.31,19.67,suburban
112,9,weekday,37.26,986.0,9.714,2026-04-27 09:00:00,0,0,37.26,26.07,suburban
112,10,weekday,56.71,889.4,19.799,2026-04-27 10:00:00,0,0,56.71,34.91,suburban
112,11,weekday,75.43,819.7,28.217,2026-04-27 11:00:00,0,0,75.43,37.41,motorway
112,12,weekday,85.32,763.5,38.283,2026-04-27 12:00:00,0,0,85.32,44.87,motorway
112,13,weekday,87.58,688.9,37.665,2026-04-27 13:00:00,0,0,87.58,43.01,motorway
112,14,weekday,80.83,663.1,40.753,2026-04-27 14:00:00,0,0,80.83,50.42,motorway
112,15,weekday,74.14,607.1,37.645,2026-04-27 15:00:00,0,0,74.14,50.78,motorway
112,16,weekday,54.94,550.6,13.251,2026-04-27 16:00:00,0,0,54.94,24.12,suburban
112,17,weekday,36.52,476.9,7.619,2026-04-27 17:00:00,0,0,36.52,20.86,suburban
112,18,weekday,27.18,420.4,5.583,2026-04-27 18:00:00,0,0,27.18,20.54,urban
112,19,weekday,37.56,377.7,7.0,2026-04-27 19:00:00,0,0,37.56,18.64,suburban
112,20,weekday,55.63,354.4,13.164,2026-04-27 20:00:00,0,0,55.63,23.66,suburban
112,21,weekday,73.68,251.7,17.571,2026-04-27 21:00:00,0,0,73.68,23.85,motorway
112,22,weekday,82.67,176.1,29.748,2026-04-27 22:00:00,0,0,82.67,35.98,motorway
112,23,weekday,0.0,0.0,0.587,2026-04-27 23:00:00,0,0,0.0,,parked
113,0,weekday,0.0,0.0,0.542,2026-04-28 00:00:00,1,0,0.0,,parked
113,1,weekday,0.0,0.0,0.591,2026-04-28 01:00:00,1,0,0.0,,parked
113,2,weekday,0.0,0.0,0.616,2026-04-28 02:00:00,1,0,0.0,,parked
113,3,weekday,0.0,0.0,0.596,2026-04-28 03:00:00,1,0,0.0,,parked
113,4,weekday,0.0,0.0,0.66,2026-04-28 04:00:00,1,0,0.0,,parked
113,5,weekday,85.45,1200.0,43.071,2026-04-28 05:00:00,1,0,85.45,50.4,motorway
113,6,weekday,77.52,1200.0,39.799,2026-04-28 06:00:00,1,0,77.52,51.34,motorway
113,7,weekday,56.99,1173.5,18.821,2026-04-28 07:00:00,1,0,56.99,33.03,suburban
113,8,weekday,32.94,1129.1,7.249,2026-04-28 08:00:00,1,0,32.94,22.01,suburban
113,9,weekday,36.43,1063.6,7.341,2026-04-28 09:00:00,1,0,36.43,20.15,suburban
113,10,weekday,57.14,982.4,18.031,2026-04-28 10:00:00,1,0,57.14,31.56,suburban
113,11,weekday,73.53,932.2,22.813,2026-04-28 11:00:00,1,0,73.53,31.03,motorway
113,12,weekday,85.07,875.1,24.189,2026-04-28 12:00:00,1,0,85.07,28.43,motorway
113,13,weekday,85.16,786.8,32.164,2026-04-28 13:00:00,1,0,85.16,37.77,motorway
113,14,weekday,82.69,689.9,39.843,2026-04-28 14:00:00,1,0,82.69,48.18,motorway
113,15,weekday,72.3,673.6,26.174,2026-04-28 15:00:00,1,0,72.3,36.2,motorway
113,16,weekday,53.83,593.1,12.051,2026-04-28 16:00:00,1,0,53.83,22.39,suburban
113,17,weekday,34.13,507.3,7.316,2026-04-28 17:00:00,1,0,34.13,21.44,suburban
113,18,weekday,27.61,488.4,7.128,2026-04-28 18:00:00,1,0,27.61,25.82,urban
113,19,weekday,34.74,426.5,6.83,2026-04-28 19:00:00,1,0,34.74,19.66,suburban
113,20,weekday,58.67,337.4,19.764,2026-04-28 20:00:00,1,0,58.67,33.69,suburban
113,21,weekday,72.75,283.7,21.529,2026-04-28 21:00:00,1,0,72.75,29.59,motorway
113,22,weekday,82.48,145.5,23.904,2026-04-28 22:00:00,1,0,82.48,28.98,motorway
113,23,weekday,0.0,0.0,0.681,2026-04-28 23:00:00,1,0,0.0,,parked
114,0,weekday,0.0,0.0,0.546,2026-04-29 00:00:00,2,0,0.0,,parked
114,1,weekday,0.0,0.0,0.513,2026-04-29 01:00:00,2,0,0.0,,parked
114,2,weekday,0.0,0.0,0.51,2026-04-29 02:00:00,2,0,0.0,,parked
114,3,weekday,0.0,0.0,0.62,2026-04-29 03:00:00,2,0,0.0,,parked
114,4,weekday,0.0,0.0,0.699,2026-04-29 04:00:00,2,0,0.0,,parked
114,5,weekday,88.37,1043.8,29.908,2026-04-29 05:00:00,2,0,88.37,33.84,motorway
114,6,weekday,78.13,1000.1,25.095,2026-04-29 06:00:00,2,0,78.13,32.12,motorway
114,7,weekday,53.72,900.8,12.94,2026-04-29 07:00:00,2,0,53.72,24.09,suburban
114,8,weekday,36.33,884.9,7.465,2026-04-29 08:00:00,2,0,36.33,20.55,suburban
114,9,weekday,35.44,805.7,6.283,2026-04-29 09:00:00,2,0,35.44,17.73,suburban
114,10,weekday,56.98,751.1,10.02,2026-04-29 10:00:00,2,0,56.98,17.59,suburban
114,11,weekday,76.94,695.5,21.233,2026-04-29 11:00:00,2,0,76.94,27.6,motorway
114,12,weekday,82.77,678.8,23.911,2026-04-29 12:00:00,2,0,82.77,28.89,motorway
114,13,weekday,87.32,624.1,28.565,2026-04-29 13:00:00,2,0,87.32,32.71,motorway
114,14,weekday,82.24,545.9,21.749,2026-04-29 14:00:00,2,0,82.24,26.45,motorway
114,15,weekday,72.86,581.6,17.387,2026-04-29 15:00:00,2,0,72.86,23.86,motorway
114,16,weekday,53.5,460.5,10.629,2026-04-29 16:00:00,2,0,53.5,19.87,suburban
114,17,weekday,35.91,412.4,6.36,2026-04-29 17:00:00,2,0,35.91,17.71,suburban
114,18,weekday,27.02,356.6,4.884,2026-04-29 18:00:00,2,0,27.02,18.08,urban
114,19,weekday,36.23,307.1,5.264,2026-04-29 19:00:00,2,0,36.23,14.53,suburban
114,20,weekday,54.59,275.1,13.525,2026-04-29 20:00:00,2,0,54.59,24.78,suburban
114,21,weekday,71.5,207.8,20.786,2026-04-29 21:00:00,2,0,71.5,29.07,motorway
114,22,weekday,82.07,167.4,27.583,2026-04-29 22:00:00,2,0,82.07,33.61,motorway
114,23,weekday,0.0,0.0,0.542,2026-04-29 23:00:00,2,0,0.0,,parked
115,0,weekday,0.0,0.0,0.562,2026-04-30 00:00:00,3,0,0.0,,parked
115,1,weekday,0.0,0.0,0.569,2026-04-30 01:00:00,3,0,0.0,,parked
115,2,weekday,0.0,0.0,0.617,2026-04-30 02:00:00,3,0,0.0,,parked
115,3,weekday,0.0,0.0,0.527,2026-04-30 03:00:00,3,0,0.0,,parked
115,4,weekday,0.0,0.0,0.707,2026-04-30 04:00:00,3,0,0.0,,parked
115,5,weekday,84.36,946.8,32.01,2026-04-30 05:00:00,3,0,84.36,37.94,motorway
115,6,weekday,77.87,859.2,22.399,2026-04-30 06:00:00,3,0,77.87,28.76,motorway
115,7,weekday,55.11,878.1,11.905,2026-04-30 07:00:00,3,0,55.11,21.6,suburban
115,8,weekday,34.5,796.4,5.885,2026-04-30 08:00:00,3,0,34.5,17.06,suburban
115,9,weekday,34.6,782.4,4.618,2026-04-30 09:00:00,3,0,34.6,13.35,suburban
115,10,weekday,56.47,712.3,9.668,2026-04-30 10:00:00,3,0,56.47,17.12,suburban
115,11,weekday,77.51,698.8,20.618,2026-04-30 11:00:00,3,0,77.51,26.6,motorway
115,12,weekday,87.6,601.4,25.605,2026-04-30 12:00:00,3,0,87.6,29.23,motorway
115,13,weekday,88.03,572.5,30.888,2026-04-30 13:00:00,3,0,88.03,35.09,motorway
115,14,weekday,82.81,542.9,21.271,2026-04-30 14:00:00,3,0,82.81,25.69,motorway
115,15,weekday,72.46,457.1,18.548,2026-04-30 15:00:00,3,0,72.46,25.6,motorway
115,16,weekday,56.28,404.4,10.594,2026-04-30 16:00:00,3,0,56.28,18.82,suburban
115,17,weekday,35.82,413.6,7.33,2026-04-30 17:00:00,3,0,35.82,20.46,suburban
115,18,weekday,26.59,341.1,6.57,2026-04-30 18:00:00,3,0,26.59,24.71,urban
115,19,weekday,36.05,308.2,7.46,2026-04-30 19:00:00,3,0,36.05,20.69,suburban
115,20,weekday,53.33,248.4,12.992,2026-04-30 20:00:00,3,0,53.33,24.36,suburban
115,21,weekday,73.39,192.1,24.955,2026-04-30 21:00:00,3,0,73.39,34.0,motorway
115,22,weekday,82.62,112.2,34.868,2026-04-30 22:00:00,3,0,82.62,42.2,motorway
115,23,weekday,0.0,0.0,0.558,2026-04-30 23:00:00,3,0,0.0,,parked
116,0,weekday,0.0,0.0,0.461,2026-05-01 00:00:00,4,0,0.0,,parked
116,1,weekday,0.0,0.0,0.618,2026-05-01 01:00:00,4,0,0.0,,parked
116,2,weekday,0.0,0.0,0.579,2026-05-01 02:00:00,4,0,0.0,,parked
116,3,weekday,0.0,0.0,0.665,2026-05-01 03:00:00,4,0,0.0,,parked
116,4,weekday,0.0,0.0,0.532,2026-05-01 04:00:00,4,0,0.0,,parked
116,5,weekday,86.49,1200.0,42.213,2026-05-01 05:00:00,4,0,86.49,48.81,motorway
116,6,weekday,76.64,1200.0,29.686,2026-05-01 06:00:00,4,0,76.64,38.73,motorway
116,7,weekday,56.33,1160.9,17.71,2026-05-01 07:00:00,4,0,56.33,31.44,suburban
116,8,weekday,34.95,1121.7,8.651,2026-05-01 08:00:00,4,0,34.95,24.75,suburban
116,9,weekday,35.21,993.4,8.198,2026-05-01 09:00:00,4,0,35.21,23.28,suburban
116,10,weekday,56.26,958.0,15.22,2026-05-01 10:00:00,4,0,56.26,27.05,suburban
116,11,weekday,74.68,931.1,21.576,2026-05-01 11:00:00,4,0,74.68,28.89,motorway
116,12,weekday,86.74,860.2,34.712,2026-05-01 12:00:00,4,0,86.74,40.02,motorway
116,13,weekday,87.5,804.6,35.756,2026-05-01 13:00:00,4,0,87.5,40.86,motorway
116,14,weekday,82.1,726.3,23.294,2026-05-01 14:00:00,4,0,82.1,28.37,motorway
116,15,weekday,72.94,649.3,25.637,2026-05-01 15:00:00,4,0,72.94,35.15,motorway
116,16,weekday,55.9,600.8,12.057,2026-05-01 16:00:00,4,0,55.9,21.57,suburban
116,17,weekday,37.82,519.4,7.943,2026-05-01 17:00:00,4,0,37.82,21.0,suburban
116,18,weekday,25.46,468.7,4.862,2026-05-01 18:00:00,4,0,25.46,19.1,urban
116,19,weekday,37.18,403.5,5.498,2026-05-01 19:00:00,4,0,37.18,14.79,suburban
116,20,weekday,55.92,341.9,9.578,2026-05-01 20:00:00,4,0,55.92,17.13,suburban
116,21,weekday,72.67,267.4,18.02,2026-05-01 21:00:00,4,0,72.67,24.8,motorway
116,22,weekday,84.79,183.5,24.14,2026-05-01 22:00:00,4,0,84.79,28.47,motorway
116,23,weekday,0.0,0.0,0.589,2026-05-01 23:00:00,4,0,0.0,,parked
117,0,weekend,0.0,0.0,0.582,2026-05-02 00:00:00,5,1,0.0,,parked
117,1,weekend,0.0,0.0,0.66,2026-05-02 01:00:00,5,1,0.0,,parked
117,2,weekend,0.0,0.0,0.511,2026-05-02 02:00:00,5,1,0.0,,parked
117,3,weekend,0.0,0.0,0.59,2026-05-02 03:00:00,5,1,0.0,,parked
117,4,weekend,0.0,0.0,0.689,2026-05-02 04:00:00,5,1,0.0,,parked
117,5,weekend,88.5,765.5,38.707,2026-05-02 05:00:00,5,1,88.5,43.74,motorway
117,6,weekend,81.46,738.7,22.911,2026-05-02 06:00:00,5,1,81.46,28.13,motorway
117,7,weekend,80.8,677.8,24.362,2026-05-02 07:00:00,5,1,80.8,30.15,motorway
117,8,weekend,74.56,662.1,18.898,2026-05-02 08:00:00,5,1,74.56,25.35,motorway
117,9,weekend,66.53,588.1,14.777,2026-05-02 09:00:00,5,1,66.53,22.21,motorway
117,10,weekend,61.78,522.3,14.24,2026-05-02 10:00:00,5,1,61.78,23.05,motorway
117,11,weekend,60.57,513.6,11.54,2026-05-02 11:00:00,5,1,60.57,19.05,motorway
117,12,weekend,61.53,506.0,14.082,2026-05-02 12:00:00,5,1,61.53,22.89,motorway
117,13,weekend,54.29,430.8,9.437,2026-05-02 13:00:00,5,1,54.29,17.38,suburban
117,14,weekend,57.17,423.3,15.557,2026-05-02 14:00:00,5,1,57.17,27.21,suburban
117,15,weekend,51.74,413.5,11.042,2026-05-02 15:00:00,5,1,51.74,21.34,suburban
117,16,weekend,48.0,367.5,9.13,2026-05-02 16:00:00,5,1,48.0,19.02,suburban
117,17,weekend,51.53,276.6,8.486,2026-05-02 17:00:00,5,1,51.53,16.47,suburban
117,18,weekend,58.58,279.9,11.85,2026-05-02 18:00:00,5,1,58.58,20.23,suburban
117,19,weekend,67.47,287.5,17.242,2026-05-02 19:00:00,5,1,67.47,25.56,motorway
117,20,weekend,74.66,184.6,17.362,2026-05-02 20:00:00,5,1,74.66,23.25,motorway
117,21,weekend,79.26,154.3,21.603,2026-05-02 21:00:00,5,1,79.26,27.26,motorway
117,22,weekend,86.44,159.4,26.31,2026-05-02 22:00:00,5,1,86.44,30.44,motorway
117,23,weekend,0.0,0.0,0.588,2026-05-02 23:00:00,5,1,0.0,,parked
118,0,weekend,0.0,0.0,0.592,2026-05-03 00:00:00,6,1,0.0,,parked
118,1,weekend,0.0,0.0,0.667,2026-05-03 01:00:00,6,1,0.0,,parked
118,2,weekend,0.0,0.0,0.539,2026-05-03 02:00:00,6,1,0.0,,parked
118,3,weekend,0.0,0.0,0.585,2026-05-03 03:00:00,6,1,0.0,,parked
118,4,weekend,0.0,0.0,0.595,2026-05-03 04:00:00,6,1,0.0,,parked
118,5,weekend,85.3,512.9,30.5,2026-05-03 05:00:00,6,1,85.3,35.76,motorway
118,6,weekend,84.7,472.6,34.394,2026-05-03 06:00:00,6,1,84.7,40.61,motorway
118,7,weekend,77.26,458.1,21.378,2026-05-03 07:00:00,6,1,77.26,27.67,motorway
118,8,weekend,74.75,429.3,23.531,2026-05-03 08:00:00,6,1,74.75,31.48,motorway
118,9,weekend,68.69,390.6,20.251,2026-05-03 09:00:00,6,1,68.69,29.48,motorway
118,10,weekend,62.69,426.8,15.995,2026-05-03 10:00:00,6,1,62.69,25.51,motorway
118,11,weekend,58.48,369.9,15.281,2026-05-03 11:00:00,6,1,58.48,26.13,suburban
118,12,weekend,58.31,345.2,16.801,2026-05-03 12:00:00,6,1,58.31,28.81,suburban
118,13,weekend,56.75,317.4,13.486,2026-05-03 13:00:00,6,1,56.75,23.76,suburban
118,14,weekend,54.79,239.8,13.209,2026-05-03 14:00:00,6,1,54.79,24.11,suburban
118,15,weekend,51.36,245.4,10.151,2026-05-03 15:00:00,6,1,51.36,19.76,suburban
118,16,weekend,50.54,223.5,9.338,2026-05-03 16:00:00,6,1,50.54,18.48,suburban
118,17,weekend,54.54,157.6,10.135,2026-05-03 17:00:00,6,1,54.54,18.58,suburban
118,18,weekend,59.97,145.7,11.596,2026-05-03 18:00:00,6,1,59.97,19.34,suburban
118,19,weekend,69.61,156.4,15.218,2026-05-03 19:00:00,6,1,69.61,21.86,motorway
118,20,weekend,77.52,100.8,20.502,2026-05-03 20:00:00,6,1,77.52,26.45,motorway
118,21,weekend,81.54,153.8,23.39,2026-05-03 21:00:00,6,1,81.54,28.69,motorway
118,22,weekend,84.39,85.4,29.936,2026-05-03 22:00:00,6,1,84.39,35.47,motorway
118,23,weekend,0.0,0.0,0.622,2026-05-03 23:00:00,6,1,0.0,,parked
119,0,weekday,0.0,0.0,0.531,2026-05-04 00:00:00,0,0,0.0,,parked
119,1,weekday,0.0,0.0,0.645,2026-05-04 01:00:00,0,0,0.0,,parked
119,2,weekday,0.0,0.0,0.575,2026-05-04 02:00:00,0,0,0.0,,parked
119,3,weekday,0.0,0.0,0.619,2026-05-04 03:00:00,0,0,0.0,,parked
119,4,weekday,0.0,0.0,0.617,2026-05-04 04:00:00,0,0,0.0,,parked
119,5,weekday,85.29,822.7,27.423,2026-05-04 05:00:00,0,0,85.29,32.15,motorway
119,6,weekday,76.66,738.0,21.783,2026-05-04 06:00:00,0,0,76.66,28.42,motorway
119,7,weekday,59.42,734.1,12.609,2026-05-04 07:00:00,0,0,59.42,21.22,suburban
119,8,weekday,34.97,701.9,6.17,2026-05-04 08:00:00,0,0,34.97,17.64,suburban
119,9,weekday,33.01,657.6,5.715,2026-05-04 09:00:00,0,0,33.01,17.31,suburban
119,10,weekday,57.67,631.9,12.77,2026-05-04 10:00:00,0,0,57.67,22.14,suburban
119,11,weekday,76.89,595.0,21.746,2026-05-04 11:00:00,0,0,76.89,28.28,motorway
119,12,weekday,84.61,526.0,28.97,2026-05-04 12:00:00,0,0,84.61,34.24,motorway
119,13,weekday,88.17,442.3,32.327,2026-05-04 13:00:00,0,0,88.17,36.66,motorway
119,14,weekday,80.84,461.9,25.2,2026-05-04 14:00:00,0,0,80.84,31.17,motorway
119,15,weekday,75.81,427.9,23.659,2026-05-04 15:00:00,0,0,75.81,31.21,motorway
119,16,weekday,55.39,407.0,13.651,2026-05-04 16:00:00,0,0,55.39,24.65,suburban
119,17,weekday,34.48,337.5,5.723,2026-05-04 17:00:00,0,0,34.48,16.6,suburban
119,18,weekday,28.64,280.0,4.994,2026-05-04 18:00:00,0,0,28.64,17.44,urban
119,19,weekday,35.67,257.3,5.381,2026-05-04 19:00:00,0,0,35.67,15.09,suburban
119,20,weekday,54.84,226.5,10.406,2026-05-04 20:00:00,0,0,54.84,18.98,suburban
119,21,weekday,75.71,148.3,18.291,2026-05-04 21:00:00,0,0,75.71,24.16,motorway
119,22,weekday,82.41,105.0,29.79,2026-05-04 22:00:00,0,0,82.41,36.15,motorway
119,23,weekday,0.0,0.0,0.689,2026-05-04 23:00:00,0,0,0.0,,parked
